NodeID,PathIDs,TotalCost
4142,4142 3299 3297 1730,181.92899999999997
3872,3872 3850 3783 4335 4333 4336 2354 1915 3346 4350 4348 4347 3601,772.8699999999999
3956,3956 4280 4281 4340 3366 4110 3368 3367 2734 3477 3478 3481 3287 3288,928.4910000000001
3838,3838 639,78.754
1612,1612 1498 3309 3046 1816 1817 2348 3459 3461 4105 4365 4366 4367 3762 3759 3764 3758 4296 1821,1206.6729999999998
2212,2212 4073 4074 4075 4161 4424 4423,409.221
2911,2911 4287 4289 4290 3999 3846 3847 4005 4323 4321 4324 3215 4221 3507 2022 3598 3597,1130.306
3479,3479 4077 1890 4422 4423,234.17100000000002
4421,4421 3944 4418 3947 3227 4052 4222 3389 3392 3253 3387 3388 2420 3015 3014 3012 2343 3766 3768 3765 3324 3761 3759 3764 3758 4296 1821,1611.6649999999995
4082,4082 4084 4085 4086,134.131
2589,2589 3722 3720 3723 3710 3712 3713 3521 2237 2240 2232 2234 1462 476 471 2670 2050 817 831 1664 3547 3546 3543 669 1961,1836.868
1202,1202 2597 2598 2599 2602 2604 2495 2496 2498 1395 76,1176.679
3548,3548 2252 3169 3543 669 1961,500.275
4365,4365 4366 4367 3762 3759 3764 3758 4296 1821,592.509
2764,2764 2765 1603 2952 3776 3774 3777 3409 3112 2949,662.589
4266,4266 4267 4268 3548 2252 3169 3543 669 1961,608.367
1916,1916 2900 2899 1915 3346 4350 4348 4347 3601,333.12
3143,3143 4109 4107 4108 3564 3482 3483 3474 3475 3478 3481 3287 3288,758.8700000000001
2641,2641 2640 2639 2439 2592 2591 3756 3755 3754 2596 3532 3531 3524 3522 2234 1462 476 471 2670 2050 817 831 1664 3547 3546 3543 669 1961,2364.3559999999998
2369,2369 3789 4375 4129 4130 3056 4140 4141 3299 3297 1730,643.5799999999999
2664,2664 2800 2463 2513 2373 2376 2375 3796 3795 995 1065 1001,828.441
3172,3172 3171 3170 574 1880 1589 3200 3201,406.162
4438,4438 4476 4473 4474 4036 2918 3278 4040 3556 3557 3558 348,630.2740000000001
2743,2743 2691 2692 2729 3911 3912 3913 3289 3290 3350 3347 2689 1879 1880 1589 3200 3201,645.745
3100,3100 2109 2110 2111 1934 2981 3680 3679 2408 2410 2411 2017 1304 1302 1301 783 2678 4205 2677 2679 3878 3879 4212 4327 4078 4330 4243 4083 4082 4084 4085 4086,1710.055
775,775 4127 4485 4471 4452 2845 3192 3197 2821 1529 1420 1419 1603 2952 3776 3774 3777 3409 3112 2949,1388.5929999999998
4420,4420 4419 4413 4417 4416 4228 4226 4224 3391 3390 3388 2420 3015 3014 3012 2343 3766 3768 3765 3324 3761 3759 3764 3758 4296 1821,1645.6559999999995
3190,3190 4000 4317 4318 4319 1928 3507 2022 3598 3597,460.22
2825,2825 2606 2618 3682 2687 2688 527 1527 489 3883 3884 3885 4215 3942 3888 1620 2402 3734 3736 3737 2202 2204 2207 2212 4073 4074 4075 4161 4424 4423,1503.9729999999995
3149,3149 3150 3753 3012 2343 3766 3768 3765 3324 3761 3759 3764 3758 4296 1821,772.264
3195,3195 2750 2753 2754 2893 745 2258 2952 3776 3774 3777 3409 3112 2949,901.77
4324,4324 3215 4221 3507 2022 3598 3597,356.011
1751,1751 1749 1746 1748,160.35399999999998
3275,3275 3274 3277 3278 4040 3556 3557 3558 348,475.262
3561,3561 1969 3288,139.09699999999998
3679,3679 2408 2410 2411 2017 1304 1302 1301 783 2678 4205 2677 2679 3878 3879 4212 4327 4078 4330 4243 4083 4082 4084 4085 4086,1372.9520000000002
4062,4062 3639 3640 2995 3637 2916 4038 2917 3556 3557 3558 348,683.926
314,314 356 893 895 1570 1490 1536 2454 2458 2459 2831 2830 2832 2833 2834 1869 2134 1612 1498 3309 3046 1816 1817 2348 3459 3461 4105 4365 4366 4367 3762 3759 3764 3758 4296 1821,2631.286
1116,1116 1118 2687 2688 527 1527 489 3883 3884 3885 4215 3942 3888 1620 2402 3734 3736 3737 2202 2204 2207 2212 4073 4074 4075 4161 4424 4423,1389.0899999999997
1390,1390 1391 1392 2728 3913 3289 3290 3350 3347 2689 1879 1880 1589 3200 3201,440.11099999999993
3931,3931 2766 2768 3776 3774 3777 3409 3112 2949,579.4730000000001
4346,4346 4344 3601,142.034
2713,2713 2661 1446 1456 482 1500 1502 2790 1496 817 831 1664 3547 3546 3543 669 1961,1425.311
648,648 3146 3147 3148 3149 3150 3753 3012 2343 3766 3768 3765 3324 3761 3759 3764 3758 4296 1821,979.965
3345,3345 2023 3600 4347 3601,160.68200000000002
3939,3939 3940 3673 702 704 716,504.919
4251,4251 4248 4247 4368 3778 4355 4353 4356 3106 4154 2919 4447 4435 4475 4430 4431 1593 4383 2712 3278 4040 3556 3557 3558 348,1427.1490000000001
2808,2808 3678 2890 1889 1887 2090 2971 3206 2695,426.27099999999996
1032,1032 1031 1034 1033 34 36 37 1253 2664 2800 2463 2513 2373 2376 2375 3796 3795 995 1065 1001,1129.8319999999999
2445,2445 1570 1490 1536 2454 2458 2459 2831 2830 2832 2833 2834 1869 2134 1612 1498 3309 3046 1816 1817 2348 3459 3461 4105 4365 4366 4367 3762 3759 3764 3758 4296 1821,2496.1130000000003
3418,3418 3536 3533 3097 3096 2406 3413 2020 1304 1302 1301 783 2678 4205 2677 2679 3878 3879 4212 4327 4078 4330 4243 4083 4082 4084 4085 4086,1426.5490000000002
1029,1029 2572 2580 2471 2476 2478 2664 2800 2463 2513 2373 2376 2375 3796 3795 995 1065 1001,1181.129
1620,1620 2402 3734 3736 3737 2202 2204 2207 2212 4073 4074 4075 4161 4424 4423,812.3670000000002
3502,3502 3499 3497 3629 3492 3491 2301 3632 3631 3630 2044 2045 2046 2048 3633 2240 2232 2234 1462 476 471 2670 2050 817 831 1664 3547 3546 3543 669 1961,1908.585
2728,2728 3913 3289 3290 3350 3347 2689 1879 1880 1589 3200 3201,387.90299999999996
4349,4349 4348 4347 3601,143.691
2363,2363 2364 1861 3447 3448 3449 1865 1869 2134 1612 1498 3309 3046 1816 1817 2348 3459 3461 4105 4365 4366 4367 3762 3759 3764 3758 4296 1821,1736.3579999999997
4470,4470 4469 4451 2845 3192 3197 2821 1529 1420 1419 1603 2952 3776 3774 3777 3409 3112 2949,1358.852
4017,4017 4018 4019 4072 3268 3266 2056 3636 4059 4055 4271 1764 3638 3639 3640 2995 3637 2916 4038 2917 3556 3557 3558 348,1439.566
1028,1028 1025 2580 2471 2476 2478 2664 2800 2463 2513 2373 2376 2375 3796 3795 995 1065 1001,1107.1879999999999
2737,2737 2736 3901 3900 4399 3927 2758 3926 4404 3921 2756 2755 2742 2741 2740 1343 1341 2500 2498 1395 76,1464.7640000000001
4194,4194 4169 4453 4456 4454 3153 2534 3836 4232 3838 639,903.4100000000001
3107,3107 3415 3965 3964 3963 3418 3536 3533 3097 3096 2406 3413 2020 1304 1302 1301 783 2678 4205 2677 2679 3878 3879 4212 4327 4078 4330 4243 4083 4082 4084 4085 4086,1631.592
4417,4417 4416 4228 4226 4224 3391 3390 3388 2420 3015 3014 3012 2343 3766 3768 3765 3324 3761 3759 3764 3758 4296 1821,1493.0229999999997
3381,3381 3382 1529 1420 1419 1603 2952 3776 3774 3777 3409 3112 2949,992.716
2564,2564 2540 2561 2138 2139 3532 3531 3524 3522 2234 1462 476 471 2670 2050 817 831 1664 3547 3546 3543 669 1961,1737.0249999999999
1502,1502 2790 1496 817 831 1664 3547 3546 3543 669 1961,912.758
2517,2517 2519 2521 2638 450 447 444 441 439 435 431 428 423 1466 1467 3857 3858 3859 2622 2757 2756 2755 2742 2741 2740 1343 1341 2500 2498 1395 76,3447.3489999999997
1407,1407 2742 2741 2740 1343 1341 2500 2498 1395 76,682.0319999999999
3243,3243 2067 3244 3245 3246 2933 3647 3092 2869 2189 2183 3089 3088 3086,732.685
4321,4321 4324 3215 4221 3507 2022 3598 3597,421.279
2036,2036 2037 3109 2924 2857 2855 2859 2304 3537 1758 2408 2410 2411 2017 1304 1302 1301 783 2678 4205 2677 2679 3878 3879 4212 4327 4078 4330 4243 4083 4082 4084 4085 4086,1853.7780000000002
1613,1613 2043 2993 4103 3094 3095 3100 2109 2110 2111 1934 2981 3680 3679 2408 2410 2411 2017 1304 1302 1301 783 2678 4205 2677 2679 3878 3879 4212 4327 4078 4330 4243 4083 4082 4084 4085 4086,1923.669
1505,1505 2113 1508 344 3677 2852 2092 2093 2694 3206 2695,456.60800000000006
3870,3870 3872 3850 3783 4335 4333 4336 2354 1915 3346 4350 4348 4347 3601,846.987
3350,3350 3347 2689 1879 1880 1589 3200 3201,271.954
1956,1956 3164 1962 1957 1961,391.08599999999996
3678,3678 2890 1889 1887 2090 2971 3206 2695,418.52
2759,2759 3321 2760 1976 3570 1991 3565 2129 3479 4077 1890 4422 4423,753.6829999999999
3538,3538 1944 1946 1947,219.043
1035,1035 1036 1038 2592 2591 3756 3755 3754 2596 3532 3531 3524 3522 2234 1462 476 471 2670 2050 817 831 1664 3547 3546 3543 669 1961,2379.708
3005,3005 3239 2073 2941 3351 3352 3353 3093 1712 3090 3089 3088 3086,633.357
1129,1129 1309 1118 2687 2688 527 1527 489 3883 3884 3885 4215 3942 3888 1620 2402 3734 3736 3737 2202 2204 2207 2212 4073 4074 4075 4161 4424 4423,1405.1149999999996
3441,3441 3225 3226 3772 4089 4100 3800 3386 3387 3388 2420 3015 3014 3012 2343 3766 3768 3765 3324 3761 3759 3764 3758 4296 1821,1529.7029999999995
4083,4083 4082 4084 4085 4086,177.906
3204,3204 1922 1916 2900 2899 1915 3346 4350 4348 4347 3601,483.6690000000001
831,831 1664 3547 3546 3543 669 1961,651.287
2323,2323 2321 2322 2418 2417 2738 3898 3903 2758 3926 4404 3921 2756 2755 2742 2741 2740 1343 1341 2500 2498 1395 76,1672.4590000000003
1866,1866 2133 1865 1869 2134 1612 1498 3309 3046 1816 1817 2348 3459 3461 4105 4365 4366 4367 3762 3759 3764 3758 4296 1821,1490.781
4130,4130 3056 4140 4141 3299 3297 1730,366.576
525,525 2824 2843 2844 3192 3197 2821 1529 1420 1419 1603 2952 3776 3774 3777 3409 3112 2949,1372.1529999999998
4052,4052 4222 3389 3392 3253 3387 3388 2420 3015 3014 3012 2343 3766 3768 3765 3324 3761 3759 3764 3758 4296 1821,1333.0809999999997
4395,4395 4396 3872 3850 3783 4335 4333 4336 2354 1915 3346 4350 4348 4347 3601,1019.867
1118,1118 2687 2688 527 1527 489 3883 3884 3885 4215 3942 3888 1620 2402 3734 3736 3737 2202 2204 2207 2212 4073 4074 4075 4161 4424 4423,1377.1519999999996
4245,4245 4082 4084 4085 4086,159.622
4175,4175 2774 3838 639,214.75800000000004
3202,3202 3506 4334 1922 1916 2900 2899 1915 3346 4350 4348 4347 3601,545.404
488,488 1076 1092 2598 2599 2602 2604 2495 2496 2498 1395 76,1403.9970000000003
3734,3734 3736 3737 2202 2204 2207 2212 4073 4074 4075 4161 4424 4423,770.6060000000001
2083,2083 3658 2169 3006 3007 3008 3649 3650 2074 2079 2080 3249 3250 3251 1711 1751 1749 1746 1748,879.667
2202,2202 2204 2207 2212 4073 4074 4075 4161 4424 4423,666.82
2760,2760 1976 3570 1991 3565 2129 3479 4077 1890 4422 4423,716.6720000000001
2621,2621 1851 3437 3431 3432 1847 3856 1650 3430 2359 3443 1814 1859 2944 2943 4294 4292 4295 3450 3438 2972 4091 2986 2987 4092 3316 3314 3307 3046 1816 1817 2348 3459 3461 4105 4365 4366 4367 3762 3759 3764 3758 4296 1821,2449.1479999999997
874,874 3426 3822 3827 2427 3376 3373 3377 3137 3138 3889 2759 3321 2760 1976 3570 1991 3565 2129 3479 4077 1890 4422 4423,1471.5959999999998
4268,4268 3548 2252 3169 3543 669 1961,504.467
3712,3712 3713 3521 2237 2240 2232 2234 1462 476 471 2670 2050 817 831 1664 3547 3546 3543 669 1961,1540.0729999999999
4014,4014 3508 4002 4317 4318 4319 1928 3507 2022 3598 3597,507.91100000000006
3497,3497 3629 3492 3491 2301 3632 3631 3630 2044 2045 2046 2048 3633 2240 2232 2234 1462 476 471 2670 2050 817 831 1664 3547 3546 3543 669 1961,1816.407
4406,4406 3920 2743 2691 2692 2729 3911 3912 3913 3289 3290 3350 3347 2689 1879 1880 1589 3200 3201,741.2900000000001
1740,1740 3409 3112 2949,304.203
607,607 2008 2856 2305 2859 2304 3537 1758 2408 2410 2411 2017 1304 1302 1301 783 2678 4205 2677 2679 3878 3879 4212 4327 4078 4330 4243 4083 4082 4084 4085 4086,1627.5790000000002
4468,4468 4196 4194 4169 4453 4456 4454 3153 2534 3836 4232 3838 639,1138.978
2435,2435 2434 2802 2842 3323 4269 4270 4341 4342 3368 3367 2734 3477 3478 3481 3287 3288,966.7330000000001
36,36 37 1253 2664 2800 2463 2513 2373 2376 2375 3796 3795 995 1065 1001,875.142
628,628 2403 3308 3314 3307 3046 1816 1817 2348 3459 3461 4105 4365 4366 4367 3762 3759 3764 3758 4296 1821,1193.44
4221,4221 3507 2022 3598 3597,214.29999999999998
2341,2341 2342 3303 3304 3306 3148 3149 3150 3753 3012 2343 3766 3768 3765 3324 3761 3759 3764 3758 4296 1821,1080.228
1076,1076 1092 2598 2599 2602 2604 2495 2496 2498 1395 76,1331.2170000000003
458,458 1508 344 3677 2852 2092 2093 2694 3206 2695,263.63300000000004
3480,3480 4422 4423,154.82999999999998
3680,3680 3679 2408 2410 2411 2017 1304 1302 1301 783 2678 4205 2677 2679 3878 3879 4212 4327 4078 4330 4243 4083 4082 4084 4085 4086,1424.9020000000003
4025,4025 2068 3248 3646 3645 3647 3092 2869 2189 2183 3089 3088 3086,819.26
2732,2732 3916 2749 3930 4407 4405 4404 3921 2756 2755 2742 2741 2740 1343 1341 2500 2498 1395 76,1150.0110000000002
1201,1201 1200 1092 2598 2599 2602 2604 2495 2496 2498 1395 76,1236.8550000000002
2147,2147 3699 3700 3702 3701 2255 2423 3882 3880 3719 3717 2424 3519 2235 3635 3634 3633 2240 2232 2234 1462 476 471 2670 2050 817 831 1664 3547 3546 3543 669 1961,2077.221
2227,2227 2230 3565 2129 3479 4077 1890 4422 4423,450.295
2982,2982 3554 2983 2984 4085 4086,205.549
3845,3845 2879 4005 4323 4321 4324 3215 4221 3507 2022 3598 3597,647.6909999999999
1707,1707 3244 3245 3246 2933 3647 3092 2869 2189 2183 3089 3088 3086,677.9110000000001
3023,3023 3269 4241 3270 2985 4245 4082 4084 4085 4086,487.38599999999997
1301,1301 783 2678 4205 2677 2679 3878 3879 4212 4327 4078 4330 4243 4083 4082 4084 4085 4086,1001.3100000000001
197,197 3142 3143 4109 4107 4108 3564 3482 3483 3474 3475 3478 3481 3287 3288,832.8260000000001
3473,3473 1876 2329 2330 3355 3867 3865 3863 2702 2701 3727 4050 4444 4008 3996 2936 2264 782 458 1508 344 3677 2852 2092 2093 2694 3206 2695,1274.9160000000006
4275,4275 3917 3919 3923 3929 4406 3920 2743 2691 2692 2729 3911 3912 3913 3289 3290 3350 3347 2689 1879 1880 1589 3200 3201,1181.162
3276,3276 3277 3278 4040 3556 3557 3558 348,375.896
3951,3951 3949 4213 3943 3195 2750 2753 2754 2893 745 2258 2952 3776 3774 3777 3409 3112 2949,1260.761
1880,1880 1589 3200 3201,99.35900000000001
4456,4456 4454 3153 2534 3836 4232 3838 639,546.828
4150,4150 3605 3603 3191 4010 3508 4002 4317 4318 4319 1928 3507 2022 3598 3597,784.458
3556,3556 3557 3558 348,181.738
4007,4007 3996 2936 2264 782 458 1508 344 3677 2852 2092 2093 2694 3206 2695,557.912
3883,3883 3884 3885 4215 3942 3888 1620 2402 3734 3736 3737 2202 2204 2207 2212 4073 4074 4075 4161 4424 4423,1190.7029999999995
2373,2373 2376 2375 3796 3795 995 1065 1001,520.5609999999999
1472,1472 2396 3738 4022 4021 4027 3648 3645 3647 3092 2869 2189 2183 3089 3088 3086,1320.8529999999998
4036,4036 2918 3278 4040 3556 3557 3558 348,398.312
3353,3353 3093 1712 3090 3089 3088 3086,405.98699999999997
4307,4307 3485 3487 4187 4188 4189 3163 3167 3164 1962 1957 1961,890.632
3857,3857 3858 3859 2622 2757 2756 2755 2742 2741 2740 1343 1341 2500 2498 1395 76,1118.68
3657,3657 3236 3004 3005 3239 2073 2941 3351 3352 3353 3093 1712 3090 3089 3088 3086,737.083
4034,4034 4035 2021 2022 3598 3597,282.206
1867,1867 1866 2133 1865 1869 2134 1612 1498 3309 3046 1816 1817 2348 3459 3461 4105 4365 4366 4367 3762 3759 3764 3758 4296 1821,1547.705
3979,3979 4439 4440 4441 4020 4072 3268 3266 2056 3636 4059 4055 4271 1764 3638 3639 3640 2995 3637 2916 4038 2917 3556 3557 3558 348,1558.321
1619,1619 2759 3321 2760 1976 3570 1991 3565 2129 3479 4077 1890 4422 4423,850.707
3330,3330 3790 3575 3327 1917 3574 3345 2023 3600 4347 3601,667.8779999999999
3482,3482 3483 3474 3475 3478 3481 3287 3288,546.438
3110,3110 3111 3112 2949,247.293
3863,3863 2702 2701 3727 4050 4444 4008 3996 2936 2264 782 458 1508 344 3677 2852 2092 2093 2694 3206 2695,892.623
1239,1239 3415 3965 3964 3963 3418 3536 3533 3097 3096 2406 3413 2020 1304 1302 1301 783 2678 4205 2677 2679 3878 3879 4212 4327 4078 4330 4243 4083 4082 4084 4085 4086,1636.1410000000003
2586,2586 2582 2581 2595 2594 3754 2596 3532 3531 3524 3522 2234 1462 476 471 2670 2050 817 831 1664 3547 3546 3543 669 1961,2107.705
3847,3847 4005 4323 4321 4324 3215 4221 3507 2022 3598 3597,582.3770000000001
3122,3122 3119 3514 4264 4265 3486 3286 4266 4267 4268 3548 2252 3169 3543 669 1961,1121.8790000000001
3490,3490 3489 3488 2992 2991 2100 2099 1928 3507 2022 3598 3597,612.9519999999999
3362,3362 3363 3360 3782 4277 3862 3863 2702 2701 3727 4050 4444 4008 3996 2936 2264 782 458 1508 344 3677 2852 2092 2093 2694 3206 2695,1291.8630000000003
1871,1871 3306 3148 3149 3150 3753 3012 2343 3766 3768 3765 3324 3761 3759 3764 3758 4296 1821,980.456
3976,3976 3578 3937 3961 3958 3962 4284 4106 4107 4108 3564 3482 3483 3474 3475 3478 3481 3287 3288,1195.242
3542,3542 3270 2985 4245 4082 4084 4085 4086,283.83799999999997
3363,3363 3360 3782 4277 3862 3863 2702 2701 3727 4050 4444 4008 3996 2936 2264 782 458 1508 344 3677 2852 2092 2093 2694 3206 2695,1239.9660000000003
471,471 2670 2050 817 831 1664 3547 3546 3543 669 1961,934.489
4189,4189 3163 3167 3164 1962 1957 1961,535.538
2711,2711 2710 2707 2706 2705 3558 348,297.858
2425,2425 2937 4146 4147 4148 3607 3609 4013 4011 4014 3508 4002 4317 4318 4319 1928 3507 2022 3598 3597,1149.148
1270,1270 1199 3408 3405 4303 4301 4297 4296 1821,955.6370000000001
2855,2855 2859 2304 3537 1758 2408 2410 2411 2017 1304 1302 1301 783 2678 4205 2677 2679 3878 3879 4212 4327 4078 4330 4243 4083 4082 4084 4085 4086,1494.7230000000002
4208,4208 4207 3879 4212 4327 4078 4330 4243 4083 4082 4084 4085 4086,783.6479999999999
4326,4326 4219 4035 2021 2022 3598 3597,329.314
3608,3608 2027 2026 3791 4012 2105 2103 2104 2098 2097 2100 2099 1928 3507 2022 3598 3597,832.2359999999999
2424,2424 3519 2235 3635 3634 3633 2240 2232 2234 1462 476 471 2670 2050 817 831 1664 3547 3546 3543 669 1961,1614.777
2199,2199 2200 2203 2205 2206 3066 2212 4073 4074 4075 4161 4424 4423,720.0300000000001
4303,4303 4301 4297 4296 1821,538.238
3587,3587 3584 3585 1839 2979 2107 2106 1609 1758 2408 2410 2411 2017 1304 1302 1301 783 2678 4205 2677 2679 3878 3879 4212 4327 4078 4330 4243 4083 4082 4084 4085 4086,1629.4240000000002
4418,4418 3947 3227 4052 4222 3389 3392 3253 3387 3388 2420 3015 3014 3012 2343 3766 3768 3765 3324 3761 3759 3764 3758 4296 1821,1573.7259999999997
2169,2169 3006 3007 3008 3649 3650 2074 2079 2080 3249 3250 3251 1711 1751 1749 1746 1748,796.5310000000001
2310,2310 2309 2307 1949 1948 3258 2872 4017 4018 4019 4072 3268 3266 2056 3636 4059 4055 4271 1764 3638 3639 3640 2995 3637 2916 4038 2917 3556 3557 3558 348,1976.0349999999999
3308,3308 3314 3307 3046 1816 1817 2348 3459 3461 4105 4365 4366 4367 3762 3759 3764 3758 4296 1821,1060.85
2766,2766 2768 3776 3774 3777 3409 3112 2949,567.582
3927,3927 2758 3926 4404 3921 2756 2755 2742 2741 2740 1343 1341 2500 2498 1395 76,1015.823
3059,3059 3060 2403 3308 3314 3307 3046 1816 1817 2348 3459 3461 4105 4365 4366 4367 3762 3759 3764 3758 4296 1821,1239.112
3586,3586 3587 3584 3585 1839 2979 2107 2106 1609 1758 2408 2410 2411 2017 1304 1302 1301 783 2678 4205 2677 2679 3878 3879 4212 4327 4078 4330 4243 4083 4082 4084 4085 4086,1677.141
1965,1965 1753 2982 3554 2983 2984 4085 4086,351.51
3015,3015 3014 3012 2343 3766 3768 3765 3324 3761 3759 3764 3758 4296 1821,618.2940000000001
3194,3194 3943 3195 2750 2753 2754 2893 745 2258 2952 3776 3774 3777 3409 3112 2949,1068.6409999999998
873,873 1976 3570 1991 3565 2129 3479 4077 1890 4422 4423,732.6050000000001
4090,4090 4088 4098 4100 3800 3386 3387 3388 2420 3015 3014 3012 2343 3766 3768 3765 3324 3761 3759 3764 3758 4296 1821,1224.395
3455,3455 3454 3452 3451 2788 2783 1270 1199 3408 3405 4303 4301 4297 4296 1821,1881.804
2403,2403 3308 3314 3307 3046 1816 1817 2348 3459 3461 4105 4365 4366 4367 3762 3759 3764 3758 4296 1821,1153.237
3605,3605 3603 3191 4010 3508 4002 4317 4318 4319 1928 3507 2022 3598 3597,661.4419999999999
2058,2058 2059 4059 4055 4271 1764 3638 3639 3640 2995 3637 2916 4038 2917 3556 3557 3558 348,1185.7389999999998
3177,3177 3533 3097 3096 2406 3413 2020 1304 1302 1301 783 2678 4205 2677 2679 3878 3879 4212 4327 4078 4330 4243 4083 4082 4084 4085 4086,1422.8460000000002
2325,2325 2739 3899 3897 3902 3927 2758 3926 4404 3921 2756 2755 2742 2741 2740 1343 1341 2500 2498 1395 76,1454.9770000000003
2868,2868 3371 3934 3961 3958 3962 4284 4106 4107 4108 3564 3482 3483 3474 3475 3478 3481 3287 3288,1312.6429999999998
3855,3855 3856 1650 3430 2359 3443 1814 1859 2944 2943 4294 4292 4295 3450 3438 2972 4091 2986 2987 4092 3316 3314 3307 3046 1816 1817 2348 3459 3461 4105 4365 4366 4367 3762 3759 3764 3758 4296 1821,2020.9649999999997
4165,4165 4166 2425 2937 4146 4147 4148 3607 3609 4013 4011 4014 3508 4002 4317 4318 4319 1928 3507 2022 3598 3597,1287.748
4104,4104 3793 2913 3488 2992 2991 2100 2099 1928 3507 2022 3598 3597,724.2319999999999
2427,2427 3376 3373 3377 3137 3138 3889 2759 3321 2760 1976 3570 1991 3565 2129 3479 4077 1890 4422 4423,1291.5859999999998
2243,2243 1493,103.882
2328,2328 2724 1343 1341 2500 2498 1395 76,416.407
3796,3796 3795 995 1065 1001,227.95800000000003
4039,4039 2916 4038 2917 3556 3557 3558 348,386.27
201,201 2641 2640 2639 2439 2592 2591 3756 3755 3754 2596 3532 3531 3524 3522 2234 1462 476 471 2670 2050 817 831 1664 3547 3546 3543 669 1961,2564.258
2450,2450 2829 2830 2832 2833 2834 1869 2134 1612 1498 3309 3046 1816 1817 2348 3459 3461 4105 4365 4366 4367 3762 3759 3764 3758 4296 1821,2093.926
1792,1792 1793 1701 1527 489 3883 3884 3885 4215 3942 3888 1620 2402 3734 3736 3737 2202 2204 2207 2212 4073 4074 4075 4161 4424 4423,1509.3059999999996
3449,3449 1865 1869 2134 1612 1498 3309 3046 1816 1817 2348 3459 3461 4105 4365 4366 4367 3762 3759 3764 3758 4296 1821,1496.4249999999997
2627,2627 2641 2640 2639 2439 2592 2591 3756 3755 3754 2596 3532 3531 3524 3522 2234 1462 476 471 2670 2050 817 831 1664 3547 3546 3543 669 1961,2502.5299999999997
3639,3639 3640 2995 3637 2916 4038 2917 3556 3557 3558 348,598.813
2801,2801 3377 3137 3138 3889 2759 3321 2760 1976 3570 1991 3565 2129 3479 4077 1890 4422 4423,1242.7369999999999
1024,1024 1025 2580 2471 2476 2478 2664 2800 2463 2513 2373 2376 2375 3796 3795 995 1065 1001,1150.49
2073,2073 2941 3351 3352 3353 3093 1712 3090 3089 3088 3086,535.523
4426,4426 4428 4481 4480 4477 4193 4192 4170 4412 4409 4411 3458 3457 3153 2534 3836 4232 3838 639,1501.901
3169,3169 3543 669 1961,314.217
3373,3373 3377 3137 3138 3889 2759 3321 2760 1976 3570 1991 3565 2129 3479 4077 1890 4422 4423,1229.8179999999998
4339,4339 3787 3293 3292 3296 3297 1730,463.18199999999996
4023,4023 4026 4024 3247 3646 3645 3647 3092 2869 2189 2183 3089 3088 3086,967.5129999999999
2768,2768 3776 3774 3777 3409 3112 2949,515.508
4334,4334 1922 1916 2900 2899 1915 3346 4350 4348 4347 3601,496.932
3117,3117 3115 4155 3118 2667 2670 2050 817 831 1664 3547 3546 3543 669 1961,1284.3449999999998
4148,4148 3607 3609 4013 4011 4014 3508 4002 4317 4318 4319 1928 3507 2022 3598 3597,806.3709999999999
4190,4190 4210 4327 4078 4330 4243 4083 4082 4084 4085 4086,692.711
487,487 1721 4254 4251 4248 4247 4368 3778 4355 4353 4356 3106 4154 2919 4447 4435 4475 4430 4431 1593 4383 2712 3278 4040 3556 3557 3558 348,1703.6430000000005
1166,1166 2629 2627 2641 2640 2639 2439 2592 2591 3756 3755 3754 2596 3532 3531 3524 3522 2234 1462 476 471 2670 2050 817 831 1664 3547 3546 3543 669 1961,2653.3519999999994
3303,3303 3304 3306 3148 3149 3150 3753 3012 2343 3766 3768 3765 3324 3761 3759 3764 3758 4296 1821,975.858
2470,2470 909 982 1276 2673 2674 2375 3796 3795 995 1065 1001,734.2179999999998
2193,2193 2191 2195 2183 3089 3088 3086,360.481
1276,1276 2673 2674 2375 3796 3795 995 1065 1001,442.49699999999996
3493,3493 4310 4309 3707 2152 3517 3586 3587 3584 3585 1839 2979 2107 2106 1609 1758 2408 2410 2411 2017 1304 1302 1301 783 2678 4205 2677 2679 3878 3879 4212 4327 4078 4330 4243 4083 4082 4084 4085 4086,1909.8200000000002
3829,3829 3419 3420 3577 3421 3422 3423 2617 2607 3216 3217 3219 2861 2369 3789 4375 4129 4130 3056 4140 4141 3299 3297 1730,1363.6959999999997
2842,2842 3323 4269 4270 4341 4342 3368 3367 2734 3477 3478 3481 3287 3288,828.4940000000001
3196,3196 3197 2821 1529 1420 1419 1603 2952 3776 3774 3777 3409 3112 2949,1117.9579999999999
3917,3917 3919 3923 3929 4406 3920 2743 2691 2692 2729 3911 3912 3913 3289 3290 3350 3347 2689 1879 1880 1589 3200 3201,1062.881
2434,2434 2802 2842 3323 4269 4270 4341 4342 3368 3367 2734 3477 3478 3481 3287 3288,929.635
3248,3248 3646 3645 3647 3092 2869 2189 2183 3089 3088 3086,633.5459999999999
2933,2933 3647 3092 2869 2189 2183 3089 3088 3086,441.48800000000006
3954,3954 2836 3945 4421 3944 4418 3947 3227 4052 4222 3389 3392 3253 3387 3388 2420 3015 3014 3012 2343 3766 3768 3765 3324 3761 3759 3764 3758 4296 1821,1847.0419999999995
4040,4040 3556 3557 3558 348,250.16000000000003
3713,3713 3521 2237 2240 2232 2234 1462 476 471 2670 2050 817 831 1664 3547 3546 3543 669 1961,1483.0959999999998
337,337 132 343 342 2500 2498 1395 76,375.002
4473,4473 4474 4036 2918 3278 4040 3556 3557 3558 348,514.7959999999999
557,557 3825 1792 1793 1701 1527 489 3883 3884 3885 4215 3942 3888 1620 2402 3734 3736 3737 2202 2204 2207 2212 4073 4074 4075 4161 4424 4423,1589.0459999999998
1343,1343 1341 2500 2498 1395 76,366.531
2940,2940 4349 4348 4347 3601,171.529
2553,2553 2540 2561 2138 2139 3532 3531 3524 3522 2234 1462 476 471 2670 2050 817 831 1664 3547 3546 3543 669 1961,1796.82
3898,3898 3903 2758 3926 4404 3921 2756 2755 2742 2741 2740 1343 1341 2500 2498 1395 76,1054.9080000000001
3993,3993 4442 4048 4031 4029 4032 2921 2808 3678 2890 1889 1887 2090 2971 3206 2695,736.006
4193,4193 4192 4170 4412 4409 4411 3458 3457 3153 2534 3836 4232 3838 639,1110.641
863,863 2627 2641 2640 2639 2439 2592 2591 3756 3755 3754 2596 3532 3531 3524 3522 2234 1462 476 471 2670 2050 817 831 1664 3547 3546 3543 669 1961,2567.2169999999996
4126,4126 4486 4484 4470 4469 4451 2845 3192 3197 2821 1529 1420 1419 1603 2952 3776 3774 3777 3409 3112 2949,1505.1139999999998
2559,2559 2561 2138 2139 3532 3531 3524 3522 2234 1462 476 471 2670 2050 817 831 1664 3547 3546 3543 669 1961,1712.411
3580,3580 3291 3292 3296 3297 1730,410.671
2437,2437 2438 2439 2592 2591 3756 3755 3754 2596 3532 3531 3524 3522 2234 1462 476 471 2670 2050 817 831 1664 3547 3546 3543 669 1961,2222.333
3685,3685 3883 3884 3885 4215 3942 3888 1620 2402 3734 3736 3737 2202 2204 2207 2212 4073 4074 4075 4161 4424 4423,1200.7919999999997
3687,3687 3518 2144 3626 3625 3624 2295 3623 3622 3620 2925 2924 2857 2855 2859 2304 3537 1758 2408 2410 2411 2017 1304 1302 1301 783 2678 4205 2677 2679 3878 3879 4212 4327 4078 4330 4243 4083 4082 4084 4085 4086,1982.9240000000002
3719,3719 3717 2424 3519 2235 3635 3634 3633 2240 2232 2234 1462 476 471 2670 2050 817 831 1664 3547 3546 3543 669 1961,1740.603
1948,1948 3258 2872 4017 4018 4019 4072 3268 3266 2056 3636 4059 4055 4271 1764 3638 3639 3640 2995 3637 2916 4038 2917 3556 3557 3558 348,1649.554
3387,3387 3388 2420 3015 3014 3012 2343 3766 3768 3765 3324 3761 3759 3764 3758 4296 1821,911.94
4280,4280 4281 4340 3366 4110 3368 3367 2734 3477 3478 3481 3287 3288,812.249
3765,3765 3324 3761 3759 3764 3758 4296 1821,374.029
1030,1030 1029 2572 2580 2471 2476 2478 2664 2800 2463 2513 2373 2376 2375 3796 3795 995 1065 1001,1218.8660000000002
3698,3698 3693 3694 3695 2255 2423 3882 3880 3719 3717 2424 3519 2235 3635 3634 3633 2240 2232 2234 1462 476 471 2670 2050 817 831 1664 3547 3546 3543 669 1961,2123.225
2176,2176 2178 2179 716,382.51800000000003
1877,1877 1876 2329 2330 3355 3867 3865 3863 2702 2701 3727 4050 4444 4008 3996 2936 2264 782 458 1508 344 3677 2852 2092 2093 2694 3206 2695,1201.2150000000004
3665,3665 460 458 1508 344 3677 2852 2092 2093 2694 3206 2695,493.365
3121,3121 4160 4159 4155 3118 2667 2670 2050 817 831 1664 3547 3546 3543 669 1961,1402.833
3456,3456 3455 3454 3452 3451 2788 2783 1270 1199 3408 3405 4303 4301 4297 4296 1821,1914.5
2979,2979 2107 2106 1609 1758 2408 2410 2411 2017 1304 1302 1301 783 2678 4205 2677 2679 3878 3879 4212 4327 4078 4330 4243 4083 4082 4084 4085 4086,1496.737
4436,4436 4434 4437 4432 2914 2915 4380 4381 4383 2712 3278 4040 3556 3557 3558 348,853.41
2331,2331 2704 3907 2730 4278 4276 4279 4401 4403 3992 3993 4442 4048 4031 4029 4032 2921 2808 3678 2890 1889 1887 2090 2971 3206 2695,1606.0020000000002
1691,1691 3201,92.463
995,995 1065 1001,166.32600000000002
3048,3048 3280 3277 3278 4040 3556 3557 3558 348,483.064
3826,3826 3827 2427 3376 3373 3377 3137 3138 3889 2759 3321 2760 1976 3570 1991 3565 2129 3479 4077 1890 4422 4423,1460.5739999999998
2678,2678 4205 2677 2679 3878 3879 4212 4327 4078 4330 4243 4083 4082 4084 4085 4086,958.898
3466,3466 3467 3240 3657 3236 3004 3005 3239 2073 2941 3351 3352 3353 3093 1712 3090 3089 3088 3086,871.6670000000001
4330,4330 4243 4083 4082 4084 4085 4086,402.92799999999994
3253,3253 3387 3388 2420 3015 3014 3012 2343 3766 3768 3765 3324 3761 3759 3764 3758 4296 1821,922.8100000000001
3304,3304 3306 3148 3149 3150 3753 3012 2343 3766 3768 3765 3324 3761 3759 3764 3758 4296 1821,967.269
3707,3707 2152 3517 3586 3587 3584 3585 1839 2979 2107 2106 1609 1758 2408 2410 2411 2017 1304 1302 1301 783 2678 4205 2677 2679 3878 3879 4212 4327 4078 4330 4243 4083 4082 4084 4085 4086,1790.0880000000002
4238,4238 3985 3987 3176 4138 4139 3412 3413 2020 1304 1302 1301 783 2678 4205 2677 2679 3878 3879 4212 4327 4078 4330 4243 4083 4082 4084 4085 4086,1723.082
2376,2376 2375 3796 3795 995 1065 1001,407.51300000000003
3775,3775 3774 3777 3409 3112 2949,402.03999999999996
1266,1266 2217 781 1502 2790 1496 817 831 1664 3547 3546 3543 669 1961,1089.1019999999999
2242,2242 2243 1493,175.668
3260,3260 3259 3980 2872 4017 4018 4019 4072 3268 3266 2056 3636 4059 4055 4271 1764 3638 3639 3640 2995 3637 2916 4038 2917 3556 3557 3558 348,1841.364
3471,3471 3652 3653 3657 3236 3004 3005 3239 2073 2941 3351 3352 3353 3093 1712 3090 3089 3088 3086,879.7530000000002
3021,3021 3269 4241 3270 2985 4245 4082 4084 4085 4086,483.395
3535,3535 3177 3533 3097 3096 2406 3413 2020 1304 1302 1301 783 2678 4205 2677 2679 3878 3879 4212 4327 4078 4330 4243 4083 4082 4084 4085 4086,1470.1030000000003
1566,1566 2831 2830 2832 2833 2834 1869 2134 1612 1498 3309 3046 1816 1817 2348 3459 3461 4105 4365 4366 4367 3762 3759 3764 3758 4296 1821,2030.6549999999997
2104,2104 2098 2097 2100 2099 1928 3507 2022 3598 3597,447.16
2471,2471 2476 2478 2664 2800 2463 2513 2373 2376 2375 3796 3795 995 1065 1001,1061.046
4140,4140 4141 3299 3297 1730,251.277
4376,4376 4378 3561 1969 3288,264.53999999999996
3193,3193 3194 3943 3195 2750 2753 2754 2893 745 2258 2952 3776 3774 3777 3409 3112 2949,1170.889
2401,2401 3734 3736 3737 2202 2204 2207 2212 4073 4074 4075 4161 4424 4423,770.7850000000001
2688,2688 527 1527 489 3883 3884 3885 4215 3942 3888 1620 2402 3734 3736 3737 2202 2204 2207 2212 4073 4074 4075 4161 4424 4423,1336.8699999999994
2971,2971 3206 2695,99.619
2056,2056 3636 4059 4055 4271 1764 3638 3639 3640 2995 3637 2916 4038 2917 3556 3557 3558 348,1112.743
2565,2565 2564 2540 2561 2138 2139 3532 3531 3524 3522 2234 1462 476 471 2670 2050 817 831 1664 3547 3546 3543 669 1961,1824.668
2487,2487 2492 2490 2516 3798 3796 3795 995 1065 1001,776.7289999999998
3989,3989 3990 3297 1730,245.89600000000002
3093,3093 1712 3090 3089 3088 3086,354.24399999999997
1375,1375 2721 2722 2723 938 1076 1092 2598 2599 2602 2604 2495 2496 2498 1395 76,1667.0350000000003
2806,2806 2807 1607 344 3677 2852 2092 2093 2694 3206 2695,375.818
368,368 2690 3347 2689 1879 1880 1589 3200 3201,304.027
2581,2581 2595 2594 3754 2596 3532 3531 3524 3522 2234 1462 476 471 2670 2050 817 831 1664 3547 3546 3543 669 1961,1923.7259999999999
4269,4269 4270 4341 4342 3368 3367 2734 3477 3478 3481 3287 3288,712.1200000000001
2162,2162 2161 3716 3524 3522 2234 1462 476 471 2670 2050 817 831 1664 3547 3546 3543 669 1961,1645.293
2319,2319 2320 2195 2183 3089 3088 3086,469.45099999999996
2422,2422 3881 3880 3719 3717 2424 3519 2235 3635 3634 3633 2240 2232 2234 1462 476 471 2670 2050 817 831 1664 3547 3546 3543 669 1961,1857.7089999999998
441,441 439 435 431 428 423 1466 1467 3857 3858 3859 2622 2757 2756 2755 2742 2741 2740 1343 1341 2500 2498 1395 76,2406.1260000000007
1771,1771 1896 1780 1781 1777 1578 1726 1727 590 2196 2197 1943 1944 1946 1947,771.146
4344,4344 3601,116.04
2689,2689 1879 1880 1589 3200 3201,178.073
3506,3506 4334 1922 1916 2900 2899 1915 3346 4350 4348 4347 3601,528.966
3154,3154 2772 3777 3409 3112 2949,355.029
2327,2327 2742 2741 2740 1343 1341 2500 2498 1395 76,562.441
3200,3200 3201,31.21
3933,3933 4455 3932 4177 4176 4175 2774 3838 639,775.576
3474,3474 3475 3478 3481 3287 3288,404.009
2554,2554 2561 2138 2139 3532 3531 3524 3522 2234 1462 476 471 2670 2050 817 831 1664 3547 3546 3543 669 1961,1781.181
1468,1468 1472 2396 3738 4022 4021 4027 3648 3645 3647 3092 2869 2189 2183 3089 3088 3086,1447.8279999999997
3355,3355 3867 3865 3863 2702 2701 3727 4050 4444 4008 3996 2936 2264 782 458 1508 344 3677 2852 2092 2093 2694 3206 2695,1047.757
2830,2830 2832 2833 2834 1869 2134 1612 1498 3309 3046 1816 1817 2348 3459 3461 4105 4365 4366 4367 3762 3759 3764 3758 4296 1821,1915.359
1309,1309 1118 2687 2688 527 1527 489 3883 3884 3885 4215 3942 3888 1620 2402 3734 3736 3737 2202 2204 2207 2212 4073 4074 4075 4161 4424 4423,1381.0139999999994
2350,2350 3981 4238 3985 3987 3176 4138 4139 3412 3413 2020 1304 1302 1301 783 2678 4205 2677 2679 3878 3879 4212 4327 4078 4330 4243 4083 4082 4084 4085 4086,1830.9080000000001
1852,1852 1854 1856 2370 1566 2831 2830 2832 2833 2834 1869 2134 1612 1498 3309 3046 1816 1817 2348 3459 3461 4105 4365 4366 4367 3762 3759 3764 3758 4296 1821,2222.8970000000004
3660,3660 3220 3221 2265 2264 782 458 1508 344 3677 2852 2092 2093 2694 3206 2695,645.3149999999999
3089,3089 3088 3086,240.76299999999998
4072,4072 3268 3266 2056 3636 4059 4055 4271 1764 3638 3639 3640 2995 3637 2916 4038 2917 3556 3557 3558 348,1220.6380000000001
4400,4400 3923 3929 4406 3920 2743 2691 2692 2729 3911 3912 3913 3289 3290 3350 3347 2689 1879 1880 1589 3200 3201,1020.0580000000001
1108,1108 1112 2617 2607 3216 3217 3219 2861 2369 3789 4375 4129 4130 3056 4140 4141 3299 3297 1730,1035.2930000000001
1519,1519 2359 3443 1814 1859 2944 2943 4294 4292 4295 3450 3438 2972 4091 2986 2987 4092 3316 3314 3307 3046 1816 1817 2348 3459 3461 4105 4365 4366 4367 3762 3759 3764 3758 4296 1821,1893.8679999999995
1856,1856 2370 1566 2831 2830 2832 2833 2834 1869 2134 1612 1498 3309 3046 1816 1817 2348 3459 3461 4105 4365 4366 4367 3762 3759 3764 3758 4296 1821,2100.785
2610,2610 2782 3852 3850 3783 4335 4333 4336 2354 1915 3346 4350 4348 4347 3601,922.0719999999999
2334,2334 3282 3281 1688 1687 1696 2345 2348 3459 3461 4105 4365 4366 4367 3762 3759 3764 3758 4296 1821,1042.3020000000001
2515,2515 982 1276 2673 2674 2375 3796 3795 995 1065 1001,625.3549999999998
2050,2050 817 831 1664 3547 3546 3543 669 1961,865.308
1065,1065 1001,79.185
4335,4335 4333 4336 2354 1915 3346 4350 4348 4347 3601,526.1940000000001
1951,1951 2022 3598 3597,165.35999999999999
3271,3271 4241 3270 2985 4245 4082 4084 4085 4086,418.279
2681,2681 2682 3595 3596 2019 1104 2678 4205 2677 2679 3878 3879 4212 4327 4078 4330 4243 4083 4082 4084 4085 4086,1249.3780000000002
2513,2513 2373 2376 2375 3796 3795 995 1065 1001,596.9799999999998
4467,4467 4468 4196 4194 4169 4453 4456 4454 3153 2534 3836 4232 3838 639,1256.809
2077,2077 2078 1787 1746 1748,411.56800000000004
3014,3014 3012 2343 3766 3768 3765 3324 3761 3759 3764 3758 4296 1821,601.453
4157,4157 4159 4155 3118 2667 2670 2050 817 831 1664 3547 3546 3543 669 1961,1334.1389999999997
262,262 263 264 265 896 3442 3446 2362 2363 2364 1861 3447 3448 3449 1865 1869 2134 1612 1498 3309 3046 1816 1817 2348 3459 3461 4105 4365 4366 4367 3762 3759 3764 3758 4296 1821,2259.5570000000002
856,856 2437 2438 2439 2592 2591 3756 3755 3754 2596 3532 3531 3524 3522 2234 1462 476 471 2670 2050 817 831 1664 3547 3546 3543 669 1961,2270.184
2841,2841 2839 2368 2369 3789 4375 4129 4130 3056 4140 4141 3299 3297 1730,782.9340000000001
2756,2756 2755 2742 2741 2740 1343 1341 2500 2498 1395 76,637.954
1986,1986 3217 3219 2861 2369 3789 4375 4129 4130 3056 4140 4141 3299 3297 1730,861.0880000000001
3648,3648 3645 3647 3092 2869 2189 2183 3089 3088 3086,681.915
2063,2063 3261 3262 3265 2084 2905 2906 3241 3242 3243 2067 3244 3245 3246 2933 3647 3092 2869 2189 2183 3089 3088 3086,1191.3210000000001
2345,2345 2348 3459 3461 4105 4365 4366 4367 3762 3759 3764 3758 4296 1821,883.548
2112,2112 1934 2981 3680 3679 2408 2410 2411 2017 1304 1302 1301 783 2678 4205 2677 2679 3878 3879 4212 4327 4078 4330 4243 4083 4082 4084 4085 4086,1569.9810000000002
3017,3017 4108 3564 3482 3483 3474 3475 3478 3481 3287 3288,648.7750000000001
1391,1391 1392 2728 3913 3289 3290 3350 3347 2689 1879 1880 1589 3200 3201,433.22099999999995
354,354 1366 1361 375 1400 1055 2219 2217 781 1502 2790 1496 817 831 1664 3547 3546 3543 669 1961,1307.4959999999999
4318,4318 4319 1928 3507 2022 3598 3597,300.72
2357,2357 2358 1814 1859 2944 2943 4294 4292 4295 3450 3438 2972 4091 2986 2987 4092 3316 3314 3307 3046 1816 1817 2348 3459 3461 4105 4365 4366 4367 3762 3759 3764 3758 4296 1821,1873.8529999999996
2009,2009 2008 2856 2305 2859 2304 3537 1758 2408 2410 2411 2017 1304 1302 1301 783 2678 4205 2677 2679 3878 3879 4212 4327 4078 4330 4243 4083 4082 4084 4085 4086,1619.7780000000002
4127,4127 4485 4471 4452 2845 3192 3197 2821 1529 1420 1419 1603 2952 3776 3774 3777 3409 3112 2949,1381.0389999999998
3768,3768 3765 3324 3761 3759 3764 3758 4296 1821,427.934
2585,2585 1041 1042 2591 3756 3755 3754 2596 3532 3531 3524 3522 2234 1462 476 471 2670 2050 817 831 1664 3547 3546 3543 669 1961,2187.0989999999997
3674,3674 3675 3676 2090 2971 3206 2695,258.945
1589,1589 3200 3201,80.37
4167,4167 2912 2938 4146 4147 4148 3607 3609 4013 4011 4014 3508 4002 4317 4318 4319 1928 3507 2022 3598 3597,1167.507
3834,3834 3835 3229 4135 4132 4136 3234 1566 2831 2830 2832 2833 2834 1869 2134 1612 1498 3309 3046 1816 1817 2348 3459 3461 4105 4365 4366 4367 3762 3759 3764 3758 4296 1821,2381.349
1115,1115 1119 1127 1116 1118 2687 2688 527 1527 489 3883 3884 3885 4215 3942 3888 1620 2402 3734 3736 3737 2202 2204 2207 2212 4073 4074 4075 4161 4424 4423,1453.4419999999996
4413,4413 4417 4416 4228 4226 4224 3391 3390 3388 2420 3015 3014 3012 2343 3766 3768 3765 3324 3761 3759 3764 3758 4296 1821,1508.6879999999996
3755,3755 3754 2596 3532 3531 3524 3522 2234 1462 476 471 2670 2050 817 831 1664 3547 3546 3543 669 1961,1654.2549999999999
4162,4162 4424 4423,123.878
4138,4138 4139 3412 3413 2020 1304 1302 1301 783 2678 4205 2677 2679 3878 3879 4212 4327 4078 4330 4243 4083 4082 4084 4085 4086,1435.3490000000002
3055,3055 3300 3296 3297 1730,306.21
1015,1015 2555 2554 2561 2138 2139 3532 3531 3524 3522 2234 1462 476 471 2670 2050 817 831 1664 3547 3546 3543 669 1961,1853.607
3886,3886 3884 3885 4215 3942 3888 1620 2402 3734 3736 3737 2202 2204 2207 2212 4073 4074 4075 4161 4424 4423,1293.0539999999994
10,10 1052 1049 2633 2632 2630 2629 2627 2641 2640 2639 2439 2592 2591 3756 3755 3754 2596 3532 3531 3524 3522 2234 1462 476 471 2670 2050 817 831 1664 3547 3546 3543 669 1961,3375.296
2007,2007 3584 3585 1839 2979 2107 2106 1609 1758 2408 2410 2411 2017 1304 1302 1301 783 2678 4205 2677 2679 3878 3879 4212 4327 4078 4330 4243 4083 4082 4084 4085 4086,1670.5570000000002
757,757 754 3502 3499 3497 3629 3492 3491 2301 3632 3631 3630 2044 2045 2046 2048 3633 2240 2232 2234 1462 476 471 2670 2050 817 831 1664 3547 3546 3543 669 1961,1942.0049999999999
1770,1770 2854 1692 3210 3206 2695,354.924
2871,2871 2870 1573 3092 2869 2189 2183 3089 3088 3086,438.745
476,476 471 2670 2050 817 831 1664 3547 3546 3543 669 1961,1056.47
4088,4088 4098 4100 3800 3386 3387 3388 2420 3015 3014 3012 2343 3766 3768 3765 3324 3761 3759 3764 3758 4296 1821,1169.6999999999998
2111,2111 1934 2981 3680 3679 2408 2410 2411 2017 1304 1302 1301 783 2678 4205 2677 2679 3878 3879 4212 4327 4078 4330 4243 4083 4082 4084 4085 4086,1584.5550000000003
4281,4281 4340 3366 4110 3368 3367 2734 3477 3478 3481 3287 3288,693.0930000000001
2580,2580 2471 2476 2478 2664 2800 2463 2513 2373 2376 2375 3796 3795 995 1065 1001,1072.377
1549,1549 1568 779 2818 3946 2817 3948 3440 3441 3225 3226 3772 4089 4100 3800 3386 3387 3388 2420 3015 3014 3012 2343 3766 3768 3765 3324 3761 3759 3764 3758 4296 1821,1834.6399999999994
3531,3531 3524 3522 2234 1462 476 471 2670 2050 817 831 1664 3547 3546 3543 669 1961,1537.699
4198,4198 4429 4426 4428 4481 4480 4477 4193 4192 4170 4412 4409 4411 3458 3457 3153 2534 3836 4232 3838 639,1616.3310000000001
2220,2220 3744 3743 3481 3287 3288,244.31400000000002
4046,4046 4436 4434 4437 4432 2914 2915 4380 4381 4383 2712 3278 4040 3556 3557 3558 348,913.7880000000001
1656,1656 3349 2971 3206 2695,311.861
2085,2085 2086 3465 3466 3467 3240 3657 3236 3004 3005 3239 2073 2941 3351 3352 3353 3093 1712 3090 3089 3088 3086,1014.212
697,697 695 3513 2050 817 831 1664 3547 3546 3543 669 1961,1306.2029999999997
2381,2381 2653 2657 2661 1446 1456 482 1500 1502 2790 1496 817 831 1664 3547 3546 3543 669 1961,1552.318
2498,2498 1395 76,125.873
161,161 1021 1024 1025 2580 2471 2476 2478 2664 2800 2463 2513 2373 2376 2375 3796 3795 995 1065 1001,1172.541
3911,3911 3912 3913 3289 3290 3350 3347 2689 1879 1880 1589 3200 3201,424.55299999999994
2920,2920 3235 4136 3234 1566 2831 2830 2832 2833 2834 1869 2134 1612 1498 3309 3046 1816 1817 2348 3459 3461 4105 4365 4366 4367 3762 3759 3764 3758 4296 1821,2296.098
2530,2530 2519 2521 2638 450 447 444 441 439 435 431 428 423 1466 1467 3857 3858 3859 2622 2757 2756 2755 2742 2741 2740 1343 1341 2500 2498 1395 76,3491.6609999999996
2632,2632 2630 2629 2627 2641 2640 2639 2439 2592 2591 3756 3755 3754 2596 3532 3531 3524 3522 2234 1462 476 471 2670 2050 817 831 1664 3547 3546 3543 669 1961,2952.7889999999998
3577,3577 3421 3422 3423 2617 2607 3216 3217 3219 2861 2369 3789 4375 4129 4130 3056 4140 4141 3299 3297 1730,1232.887
1744,1744 3317 1742 2946 2949,352.473
2690,2690 3347 2689 1879 1880 1589 3200 3201,238.674
3653,3653 3657 3236 3004 3005 3239 2073 2941 3351 3352 3353 3093 1712 3090 3089 3088 3086,791.896
2171,2171 3641 3642 2061 2062 2268 2898 4023 4026 4024 3247 3646 3645 3647 3092 2869 2189 2183 3089 3088 3086,1345.071
3438,3438 2972 4091 2986 2987 4092 3316 3314 3307 3046 1816 1817 2348 3459 3461 4105 4365 4366 4367 3762 3759 3764 3758 4296 1821,1402.4049999999997
4401,4401 4403 3992 3993 4442 4048 4031 4029 4032 2921 2808 3678 2890 1889 1887 2090 2971 3206 2695,975.545
3851,3851 3850 3783 4335 4333 4336 2354 1915 3346 4350 4348 4347 3601,876.919
4172,4172 1818 1759 2421 1872 4235 4236 4237 3254 2245 2244 3758 4296 1821,818.052
1695,1695 2170 2171 3641 3642 2061 2062 2268 2898 4023 4026 4024 3247 3646 3645 3647 3092 2869 2189 2183 3089 3088 3086,1456.929
3625,3625 3624 2295 3623 3622 3620 2925 2924 2857 2855 2859 2304 3537 1758 2408 2410 2411 2017 1304 1302 1301 783 2678 4205 2677 2679 3878 3879 4212 4327 4078 4330 4243 4083 4082 4084 4085 4086,1872.508
4243,4243 4083 4082 4084 4085 4086,302.178
3787,3787 3293 3292 3296 3297 1730,385.376
2640,2640 2639 2439 2592 2591 3756 3755 3754 2596 3532 3531 3524 3522 2234 1462 476 471 2670 2050 817 831 1664 3547 3546 3543 669 1961,2281.1960000000004
1957,1957 1961,110.573
3852,3852 3850 3783 4335 4333 4336 2354 1915 3346 4350 4348 4347 3601,820.895
3507,3507 2022 3598 3597,152.40699999999998
3936,3936 2802 2842 3323 4269 4270 4341 4342 3368 3367 2734 3477 3478 3481 3287 3288,987.3720000000001
2626,2626 2321 2322 2418 2417 2738 3898 3903 2758 3926 4404 3921 2756 2755 2742 2741 2740 1343 1341 2500 2498 1395 76,1661.174
797,797 1234 1237 1035 1036 1038 2592 2591 3756 3755 3754 2596 3532 3531 3524 3522 2234 1462 476 471 2670 2050 817 831 1664 3547 3546 3543 669 1961,2757.062
3386,3386 3387 3388 2420 3015 3014 3012 2343 3766 3768 3765 3324 3761 3759 3764 3758 4296 1821,991.082
2994,2994 1910 3632 3631 3630 2044 2045 2046 2048 3633 2240 2232 2234 1462 476 471 2670 2050 817 831 1664 3547 3546 3543 669 1961,1808.6589999999999
936,936 935 2800 2463 2513 2373 2376 2375 3796 3795 995 1065 1001,1192.4540000000002
3795,3795 995 1065 1001,185.178
689,689 3510 3509 4316 4318 4319 1928 3507 2022 3598 3597,448.25300000000004
2928,2928 2930 4075 4161 4424 4423,305.84799999999996
3984,3984 4019 4072 3268 3266 2056 3636 4059 4055 4271 1764 3638 3639 3640 2995 3637 2916 4038 2917 3556 3557 3558 348,1420.682
2844,2844 3192 3197 2821 1529 1420 1419 1603 2952 3776 3774 3777 3409 3112 2949,1215.785
3146,3146 3147 3148 3149 3150 3753 3012 2343 3766 3768 3765 3324 3761 3759 3764 3758 4296 1821,935.554
4232,4232 3838 639,191.985
2919,2919 4447 4435 4475 4430 4431 1593 4383 2712 3278 4040 3556 3557 3558 348,803.002
1019,1019 1021 1024 1025 2580 2471 2476 2478 2664 2800 2463 2513 2373 2376 2375 3796 3795 995 1065 1001,1165.427
4451,4451 2845 3192 3197 2821 1529 1420 1419 1603 2952 3776 3774 3777 3409 3112 2949,1222.635
3704,3704 3705 3695 2255 2423 3882 3880 3719 3717 2424 3519 2235 3635 3634 3633 2240 2232 2234 1462 476 471 2670 2050 817 831 1664 3547 3546 3543 669 1961,2098.829
1140,1140 1141 1340 2517 2519 2521 2638 450 447 444 441 439 435 431 428 423 1466 1467 3857 3858 3859 2622 2757 2756 2755 2742 2741 2740 1343 1341 2500 2498 1395 76,3573.5039999999995
3915,3915 3918 3917 3919 3923 3929 4406 3920 2743 2691 2692 2729 3911 3912 3913 3289 3290 3350 3347 2689 1879 1880 1589 3200 3201,1251.7479999999998
3759,3759 3764 3758 4296 1821,295.00800000000004
4169,4169 4453 4456 4454 3153 2534 3836 4232 3838 639,782.282
2929,2929 4073 4074 4075 4161 4424 4423,396.927
1034,1034 1033 34 36 37 1253 2664 2800 2463 2513 2373 2376 2375 3796 3795 995 1065 1001,1105.6019999999999
2630,2630 2629 2627 2641 2640 2639 2439 2592 2591 3756 3755 3754 2596 3532 3531 3524 3522 2234 1462 476 471 2670 2050 817 831 1664 3547 3546 3543 669 1961,2752.8869999999997
1054,1054 2531 1140 1141 1340 2517 2519 2521 2638 450 447 444 441 439 435 431 428 423 1466 1467 3857 3858 3859 2622 2757 2756 2755 2742 2741 2740 1343 1341 2500 2498 1395 76,3826.4639999999995
2090,2090 2971 3206 2695,173.558
2937,2937 4146 4147 4148 3607 3609 4013 4011 4014 3508 4002 4317 4318 4319 1928 3507 2022 3598 3597,1029.309
2439,2439 2592 2591 3756 3755 3754 2596 3532 3531 3524 3522 2234 1462 476 471 2670 2050 817 831 1664 3547 3546 3543 669 1961,2150.275
1761,1761 3104 3340 4450 4448 4472 4473 4474 4036 2918 3278 4040 3556 3557 3558 348,910.394
4111,4111 4257 4258 4246 4247 4368 3778 4355 4353 4356 3106 4154 2919 4447 4435 4475 4430 4431 1593 4383 2712 3278 4040 3556 3557 3558 348,1549.1620000000003
266,266 265 896 3442 3446 2362 2363 2364 1861 3447 3448 3449 1865 1869 2134 1612 1498 3309 3046 1816 1817 2348 3459 3461 4105 4365 4366 4367 3762 3759 3764 3758 4296 1821,2196.119
3198,3198 3196 3197 2821 1529 1420 1419 1603 2952 3776 3774 3777 3409 3112 2949,1219.758
3027,3027 1721 4254 4251 4248 4247 4368 3778 4355 4353 4356 3106 4154 2919 4447 4435 4475 4430 4431 1593 4383 2712 3278 4040 3556 3557 3558 348,1674.5580000000004
1198,1198 2640 2639 2439 2592 2591 3756 3755 3754 2596 3532 3531 3524 3522 2234 1462 476 471 2670 2050 817 831 1664 3547 3546 3543 669 1961,2324.643
4415,4415 4414 4465 4464 4051 4223 4171 4172 1818 1759 2421 1872 4235 4236 4237 3254 2245 2244 3758 4296 1821,1450.826
2072,2072 2069 3250 3251 1711 1751 1749 1746 1748,416.057
3442,3442 3446 2362 2363 2364 1861 3447 3448 3449 1865 1869 2134 1612 1498 3309 3046 1816 1817 2348 3459 3461 4105 4365 4366 4367 3762 3759 3764 3758 4296 1821,1904.31
2736,2736 3901 3900 4399 3927 2758 3926 4404 3921 2756 2755 2742 2741 2740 1343 1341 2500 2498 1395 76,1373.694
2074,2074 2079 2080 3249 3250 3251 1711 1751 1749 1746 1748,491.1690000000001
2075,2075 1767 2871 2870 1573 3092 2869 2189 2183 3089 3088 3086,515.46
2889,2889 2881 4000 4317 4318 4319 1928 3507 2022 3598 3597,458.14700000000005
4412,4412 4409 4411 3458 3457 3153 2534 3836 4232 3838 639,751.616
4060,4060 4449 4438 4476 4473 4474 4036 2918 3278 4040 3556 3557 3558 348,745.3850000000001
2556,2556 2559 2561 2138 2139 3532 3531 3524 3522 2234 1462 476 471 2670 2050 817 831 1664 3547 3546 3543 669 1961,1767.298
4196,4196 4194 4169 4453 4456 4454 3153 2534 3836 4232 3838 639,1023.1010000000001
4223,4223 4171 4172 1818 1759 2421 1872 4235 4236 4237 3254 2245 2244 3758 4296 1821,1050.659
4329,4329 3551 4083 4082 4084 4085 4086,371.763
2313,2313 3619 2303 3109 2924 2857 2855 2859 2304 3537 1758 2408 2410 2411 2017 1304 1302 1301 783 2678 4205 2677 2679 3878 3879 4212 4327 4078 4330 4243 4083 4082 4084 4085 4086,1811.9240000000002
2512,2512 2511 2847 2805 3938 3939 3940 3673 702 704 716,652.3340000000001
4037,4037 4038 2917 3556 3557 3558 348,335.091
4315,4315 3511 4219 4035 2021 2022 3598 3597,408.55800000000005
3483,3483 3474 3475 3478 3481 3287 3288,494.42699999999996
3824,3824 2427 3376 3373 3377 3137 3138 3889 2759 3321 2760 1976 3570 1991 3565 2129 3479 4077 1890 4422 4423,1399.4909999999998
4440,4440 4441 4020 4072 3268 3266 2056 3636 4059 4055 4271 1764 3638 3639 3640 2995 3637 2916 4038 2917 3556 3557 3558 348,1487.7930000000001
3148,3148 3149 3150 3753 3012 2343 3766 3768 3765 3324 3761 3759 3764 3758 4296 1821,805.4120000000001
264,264 265 896 3442 3446 2362 2363 2364 1861 3447 3448 3449 1865 1869 2134 1612 1498 3309 3046 1816 1817 2348 3459 3461 4105 4365 4366 4367 3762 3759 3764 3758 4296 1821,2069.8219999999997
1922,1922 1916 2900 2899 1915 3346 4350 4348 4347 3601,416.77200000000005
371,371 1104 2678 4205 2677 2679 3878 3879 4212 4327 4078 4330 4243 4083 4082 4084 4085 4086,990.41
2098,2098 2097 2100 2099 1928 3507 2022 3598 3597,411.16100000000006
4411,4411 3458 3457 3153 2534 3836 4232 3838 639,534.997
1587,1587 2015 2016 2017 1304 1302 1301 783 2678 4205 2677 2679 3878 3879 4212 4327 4078 4330 4243 4083 4082 4084 4085 4086,1367.3720000000003
3434,3434 1854 1856 2370 1566 2831 2830 2832 2833 2834 1869 2134 1612 1498 3309 3046 1816 1817 2348 3459 3461 4105 4365 4366 4367 3762 3759 3764 3758 4296 1821,2214.71
2936,2936 2264 782 458 1508 344 3677 2852 2092 2093 2694 3206 2695,368.938
1213,1213 192 1222 1061 1065 1001,462.862
669,669 1961,199.902
3109,3109 2924 2857 2855 2859 2304 3537 1758 2408 2410 2411 2017 1304 1302 1301 783 2678 4205 2677 2679 3878 3879 4212 4327 4078 4330 4243 4083 4082 4084 4085 4086,1745.0270000000003
431,431 428 423 1466 1467 3857 3858 3859 2622 2757 2756 2755 2742 2741 2740 1343 1341 2500 2498 1395 76,1806.4229999999998
3364,3364 1768 3362 3363 3360 3782 4277 3862 3863 2702 2701 3727 4050 4444 4008 3996 2936 2264 782 458 1508 344 3677 2852 2092 2093 2694 3206 2695,1396.277
2985,2985 4245 4082 4084 4085 4086,184.773
4027,4027 3648 3645 3647 3092 2869 2189 2183 3089 3088 3086,785.0350000000001
3349,3349 2971 3206 2695,268.69
1894,1894 3480 4422 4423,227.207
2123,2123 2130 2419 3914 2732 3916 2749 3930 4407 4405 4404 3921 2756 2755 2742 2741 2740 1343 1341 2500 2498 1395 76,1561.261
3123,3123 3994 3920 2743 2691 2692 2729 3911 3912 3913 3289 3290 3350 3347 2689 1879 1880 1589 3200 3201,858.6720000000001
3238,3238 3239 2073 2941 3351 3352 3353 3093 1712 3090 3089 3088 3086,656.9929999999999
3487,3487 4187 4188 4189 3163 3167 3164 1962 1957 1961,735.101
3717,3717 2424 3519 2235 3635 3634 3633 2240 2232 2234 1462 476 471 2670 2050 817 831 1664 3547 3546 3543 669 1961,1659.319
787,787 1738 1735 3227 4052 4222 3389 3392 3253 3387 3388 2420 3015 3014 3012 2343 3766 3768 3765 3324 3761 3759 3764 3758 4296 1821,1490.0869999999995
2793,2793 2790 1496 817 831 1664 3547 3546 3543 669 1961,1054.827
3211,3211 687 3596 2019 1104 2678 4205 2677 2679 3878 3879 4212 4327 4078 4330 4243 4083 4082 4084 4085 4086,1327.4790000000003
2536,2536 3795 995 1065 1001,247.328
4361,4361 4362 2847 2805 3938 3939 3940 3673 702 704 716,752.5690000000001
3882,3882 3880 3719 3717 2424 3519 2235 3635 3634 3633 2240 2232 2234 1462 476 471 2670 2050 817 831 1664 3547 3546 3543 669 1961,1805.297
4202,4202 4208 4207 3879 4212 4327 4078 4330 4243 4083 4082 4084 4085 4086,846.696
4125,4125 776 777 525 2824 2843 2844 3192 3197 2821 1529 1420 1419 1603 2952 3776 3774 3777 3409 3112 2949,1491.127
3440,3440 3441 3225 3226 3772 4089 4100 3800 3386 3387 3388 2420 3015 3014 3012 2343 3766 3768 3765 3324 3761 3759 3764 3758 4296 1821,1588.2839999999997
3699,3699 3700 3702 3701 2255 2423 3882 3880 3719 3717 2424 3519 2235 3635 3634 3633 2240 2232 2234 1462 476 471 2670 2050 817 831 1664 3547 3546 3543 669 1961,2028.9270000000001
4277,4277 3862 3863 2702 2701 3727 4050 4444 4008 3996 2936 2264 782 458 1508 344 3677 2852 2092 2093 2694 3206 2695,1038.6390000000001
460,460 458 1508 344 3677 2852 2092 2093 2694 3206 2695,463.53200000000004
3546,3546 3543 669 1961,318.86699999999996
4397,4397 3928 4404 3921 2756 2755 2742 2741 2740 1343 1341 2500 2498 1395 76,982.9920000000001
1366,1366 1361 375 1400 1055 2219 2217 781 1502 2790 1496 817 831 1664 3547 3546 3543 669 1961,1294.0259999999998
3135,3135 3133 3136 4167 2912 2938 4146 4147 4148 3607 3609 4013 4011 4014 3508 4002 4317 4318 4319 1928 3507 2022 3598 3597,1516.287
695,695 3513 2050 817 831 1664 3547 3546 3543 669 1961,1243.054
3753,3753 3012 2343 3766 3768 3765 3324 3761 3759 3764 3758 4296 1821,667.689
3751,3751 3748 3749 3750 4079 4080 4244 4242 4245 4082 4084 4085 4086,823.6539999999999
3782,3782 4277 3862 3863 2702 2701 3727 4050 4444 4008 3996 2936 2264 782 458 1508 344 3677 2852 2092 2093 2694 3206 2695,1131.1610000000003
3961,3961 3958 3962 4284 4106 4107 4108 3564 3482 3483 3474 3475 3478 3481 3287 3288,1047.284
3458,3458 3457 3153 2534 3836 4232 3838 639,517.65
3282,3282 3281 1688 1687 1696 2345 2348 3459 3461 4105 4365 4366 4367 3762 3759 3764 3758 4296 1821,998.433
3762,3762 3759 3764 3758 4296 1821,398.376
1865,1865 1869 2134 1612 1498 3309 3046 1816 1817 2348 3459 3461 4105 4365 4366 4367 3762 3759 3764 3758 4296 1821,1383.7259999999997
4340,4340 3366 4110 3368 3367 2734 3477 3478 3481 3287 3288,599.598
1873,1873 3461 4105 4365 4366 4367 3762 3759 3764 3758 4296 1821,748.317
4199,4199 3952 4425 4459 4466 4467 4468 4196 4194 4169 4453 4456 4454 3153 2534 3836 4232 3838 639,1526.431
3873,3873 1995 3868 4386 4394 4395 4396 3872 3850 3783 4335 4333 4336 2354 1915 3346 4350 4348 4347 3601,1376.525
3464,3464 3895 3733 2701 3727 4050 4444 4008 3996 2936 2264 782 458 1508 344 3677 2852 2092 2093 2694 3206 2695,890.046
3234,3234 1566 2831 2830 2832 2833 2834 1869 2134 1612 1498 3309 3046 1816 1817 2348 3459 3461 4105 4365 4366 4367 3762 3759 3764 3758 4296 1821,2035.5069999999996
1061,1061 1065 1001,134.368
4077,4077 1890 4422 4423,218.61100000000002
2899,2899 1915 3346 4350 4348 4347 3601,291.45899999999995
3225,3225 3226 3772 4089 4100 3800 3386 3387 3388 2420 3015 3014 3012 2343 3766 3768 3765 3324 3761 3759 3764 3758 4296 1821,1407.5059999999999
4114,4114 4111 4257 4258 4246 4247 4368 3778 4355 4353 4356 3106 4154 2919 4447 4435 4475 4430 4431 1593 4383 2712 3278 4040 3556 3557 3558 348,1665.0330000000004
3446,3446 2362 2363 2364 1861 3447 3448 3449 1865 1869 2134 1612 1498 3309 3046 1816 1817 2348 3459 3461 4105 4365 4366 4367 3762 3759 3764 3758 4296 1821,1859.408
2061,2061 2062 2268 2898 4023 4026 4024 3247 3646 3645 3647 3092 2869 2189 2183 3089 3088 3086,1226.6000000000001
369,369 1300 4200 2678 4205 2677 2679 3878 3879 4212 4327 4078 4330 4243 4083 4082 4084 4085 4086,1008.686
4170,4170 4412 4409 4411 3458 3457 3153 2534 3836 4232 3838 639,870.621
2219,2219 2217 781 1502 2790 1496 817 831 1664 3547 3546 3543 669 1961,1082.5819999999999
3955,3955 3049 4420 4419 4413 4417 4416 4228 4226 4224 3391 3390 3388 2420 3015 3014 3012 2343 3766 3768 3765 3324 3761 3759 3764 3758 4296 1821,1764.3219999999997
1103,1103 488 1076 1092 2598 2599 2602 2604 2495 2496 2498 1395 76,1421.1040000000005
3104,3104 3340 4450 4448 4472 4473 4474 4036 2918 3278 4040 3556 3557 3558 348,837.6970000000001
4255,4255 3272 4248 4247 4368 3778 4355 4353 4356 3106 4154 2919 4447 4435 4475 4430 4431 1593 4383 2712 3278 4040 3556 3557 3558 348,1494.544
3663,3663 3664 3940 3673 702 704 716,467.90299999999996
3443,3443 1814 1859 2944 2943 4294 4292 4295 3450 3438 2972 4091 2986 2987 4092 3316 3314 3307 3046 1816 1817 2348 3459 3461 4105 4365 4366 4367 3762 3759 3764 3758 4296 1821,1857.8139999999999
3512,3512 4145 4144 4143 2355 2940 4349 4348 4347 3601,418.331
3467,3467 3240 3657 3236 3004 3005 3239 2073 2941 3351 3352 3353 3093 1712 3090 3089 3088 3086,855.6120000000001
2113,2113 1508 344 3677 2852 2092 2093 2694 3206 2695,413.9200000000001
3244,3244 3245 3246 2933 3647 3092 2869 2189 2183 3089 3088 3086,633.134
1184,1184 1182 1198 2640 2639 2439 2592 2591 3756 3755 3754 2596 3532 3531 3524 3522 2234 1462 476 471 2670 2050 817 831 1664 3547 3546 3543 669 1961,2454.766
1993,1993 1841 1844 1981 3577 3421 3422 3423 2617 2607 3216 3217 3219 2861 2369 3789 4375 4129 4130 3056 4140 4141 3299 3297 1730,1445.5659999999998
3637,3637 2916 4038 2917 3556 3557 3558 348,382.918
1930,1930 3516 3517 3586 3587 3584 3585 1839 2979 2107 2106 1609 1758 2408 2410 2411 2017 1304 1302 1301 783 2678 4205 2677 2679 3878 3879 4212 4327 4078 4330 4243 4083 4082 4084 4085 4086,1842.8730000000003
2014,2014 3588 3589 3590 3591 2018 1300 4200 2678 4205 2677 2679 3878 3879 4212 4327 4078 4330 4243 4083 4082 4084 4085 4086,1360.7440000000001
1131,1131 3433 3855 3856 1650 3430 2359 3443 1814 1859 2944 2943 4294 4292 4295 3450 3438 2972 4091 2986 2987 4092 3316 3314 3307 3046 1816 1817 2348 3459 3461 4105 4365 4366 4367 3762 3759 3764 3758 4296 1821,2183.9849999999997
2019,2019 1104 2678 4205 2677 2679 3878 3879 4212 4327 4078 4330 4243 4083 4082 4084 4085 4086,993.234
4453,4453 4456 4454 3153 2534 3836 4232 3838 639,663.545
3375,3375 2801 3377 3137 3138 3889 2759 3321 2760 1976 3570 1991 3565 2129 3479 4077 1890 4422 4423,1366.8639999999998
4105,4105 4365 4366 4367 3762 3759 3764 3758 4296 1821,643.1030000000001
3999,3999 3846 3847 4005 4323 4321 4324 3215 4221 3507 2022 3598 3597,717.336
507,507 1462 476 471 2670 2050 817 831 1664 3547 3546 3543 669 1961,1312.1919999999998
3320,3320 3555 3554 2983 2984 4085 4086,246.518
3814,3814 3812 4381 4383 2712 3278 4040 3556 3557 3558 348,514.2239999999999
2910,2910 2911 4287 4289 4290 3999 3846 3847 4005 4323 4321 4324 3215 4221 3507 2022 3598 3597,1159.801
3504,3504 3205 2900 2899 1915 3346 4350 4348 4347 3601,437.293
2584,2584 2583 2582 2581 2595 2594 3754 2596 3532 3531 3524 3522 2234 1462 476 471 2670 2050 817 831 1664 3547 3546 3543 669 1961,2322.409
876,876 2434 2802 2842 3323 4269 4270 4341 4342 3368 3367 2734 3477 3478 3481 3287 3288,988.835
3841,3841 4387 3853 4288 4289 4290 3999 3846 3847 4005 4323 4321 4324 3215 4221 3507 2022 3598 3597,1162.804
928,928 1251 1253 2664 2800 2463 2513 2373 2376 2375 3796 3795 995 1065 1001,891.046
2705,2705 3558 348,178.472
4476,4476 4473 4474 4036 2918 3278 4040 3556 3557 3558 348,566.2189999999999
4347,4347 3601,42.107
2245,2245 2244 3758 4296 1821,242.85399999999998
2495,2495 2496 2498 1395 76,405.125
1574,1574 3365 3359 3363 3360 3782 4277 3862 3863 2702 2701 3727 4050 4444 4008 3996 2936 2264 782 458 1508 344 3677 2852 2092 2093 2694 3206 2695,1400.8400000000001
1113,1113 1116 1118 2687 2688 527 1527 489 3883 3884 3885 4215 3942 3888 1620 2402 3734 3736 3737 2202 2204 2207 2212 4073 4074 4075 4161 4424 4423,1410.4069999999995
1093,1093 1100 2606 2618 3682 2687 2688 527 1527 489 3883 3884 3885 4215 3942 3888 1620 2402 3734 3736 3737 2202 2204 2207 2212 4073 4074 4075 4161 4424 4423,1564.8909999999996
2458,2458 2459 2831 2830 2832 2833 2834 1869 2134 1612 1498 3309 3046 1816 1817 2348 3459 3461 4105 4365 4366 4367 3762 3759 3764 3758 4296 1821,2033.2329999999997
3457,3457 3153 2534 3836 4232 3838 639,508.53400000000005
2972,2972 4091 2986 2987 4092 3316 3314 3307 3046 1816 1817 2348 3459 3461 4105 4365 4366 4367 3762 3759 3764 3758 4296 1821,1346.4849999999997
2301,2301 3632 3631 3630 2044 2045 2046 2048 3633 2240 2232 2234 1462 476 471 2670 2050 817 831 1664 3547 3546 3543 669 1961,1677.308
2446,2446 3063 3233 3062 4131 3235 4136 3234 1566 2831 2830 2832 2833 2834 1869 2134 1612 1498 3309 3046 1816 1817 2348 3459 3461 4105 4365 4366 4367 3762 3759 3764 3758 4296 1821,2485.6000000000004
1272,1272 1199 3408 3405 4303 4301 4297 4296 1821,940.956
3521,3521 2237 2240 2232 2234 1462 476 471 2670 2050 817 831 1664 3547 3546 3543 669 1961,1433.119
4313,4313 3512 4145 4144 4143 2355 2940 4349 4348 4347 3601,484.50800000000004
3251,3251 1711 1751 1749 1746 1748,267.00100000000003
3368,3368 3367 2734 3477 3478 3481 3287 3288,350.686
3171,3171 3170 574 1880 1589 3200 3201,359.04699999999997
1909,1909 2954 2953 3583 3582 3681 3680 3679 2408 2410 2411 2017 1304 1302 1301 783 2678 4205 2677 2679 3878 3879 4212 4327 4078 4330 4243 4083 4082 4084 4085 4086,1746.7200000000003
3324,3324 3761 3759 3764 3758 4296 1821,368.679
2612,2612 4390 2613 2609 2608 4389 2610 2782 3852 3850 3783 4335 4333 4336 2354 1915 3346 4350 4348 4347 3601,1083.465
121,121 1131 3433 3855 3856 1650 3430 2359 3443 1814 1859 2944 2943 4294 4292 4295 3450 3438 2972 4091 2986 2987 4092 3316 3314 3307 3046 1816 1817 2348 3459 3461 4105 4365 4366 4367 3762 3759 3764 3758 4296 1821,2228.884
2106,2106 1609 1758 2408 2410 2411 2017 1304 1302 1301 783 2678 4205 2677 2679 3878 3879 4212 4327 4078 4330 4243 4083 4082 4084 4085 4086,1404.8170000000002
4050,4050 4444 4008 3996 2936 2264 782 458 1508 344 3677 2852 2092 2093 2694 3206 2695,557.941
2459,2459 2831 2830 2832 2833 2834 1869 2134 1612 1498 3309 3046 1816 1817 2348 3459 3461 4105 4365 4366 4367 3762 3759 3764 3758 4296 1821,1972.056
4429,4429 4426 4428 4481 4480 4477 4193 4192 4170 4412 4409 4411 3458 3457 3153 2534 3836 4232 3838 639,1509.4910000000002
3604,3604 3302 3189 3190 4000 4317 4318 4319 1928 3507 2022 3598 3597,600.532
1836,1836 1837 3423 2617 2607 3216 3217 3219 2861 2369 3789 4375 4129 4130 3056 4140 4141 3299 3297 1730,1073.2869999999998
3720,3720 3723 3710 3712 3713 3521 2237 2240 2232 2234 1462 476 471 2670 2050 817 831 1664 3547 3546 3543 669 1961,1731.463
3239,3239 2073 2941 3351 3352 3353 3093 1712 3090 3089 3088 3086,583.087
3341,3341 4062 3639 3640 2995 3637 2916 4038 2917 3556 3557 3558 348,810.164
2348,2348 3459 3461 4105 4365 4366 4367 3762 3759 3764 3758 4296 1821,810.2570000000001
1994,1994 3868 4386 4394 4395 4396 3872 3850 3783 4335 4333 4336 2354 1915 3346 4350 4348 4347 3601,1322.209
2677,2677 2679 3878 3879 4212 4327 4078 4330 4243 4083 4082 4084 4085 4086,833.571
2823,2823 1529 1420 1419 1603 2952 3776 3774 3777 3409 3112 2949,993.305
886,886 2688 527 1527 489 3883 3884 3885 4215 3942 3888 1620 2402 3734 3736 3737 2202 2204 2207 2212 4073 4074 4075 4161 4424 4423,1361.7259999999994
3450,3450 3438 2972 4091 2986 2987 4092 3316 3314 3307 3046 1816 1817 2348 3459 3461 4105 4365 4366 4367 3762 3759 3764 3758 4296 1821,1460.5849999999996
3812,3812 4381 4383 2712 3278 4040 3556 3557 3558 348,469.743
2160,2160 2157 3715 3716 3524 3522 2234 1462 476 471 2670 2050 817 831 1664 3547 3546 3543 669 1961,1638.29
2531,2531 1140 1141 1340 2517 2519 2521 2638 450 447 444 441 439 435 431 428 423 1466 1467 3857 3858 3859 2622 2757 2756 2755 2742 2741 2740 1343 1341 2500 2498 1395 76,3773.4059999999995
3424,3424 3422 3423 2617 2607 3216 3217 3219 2861 2369 3789 4375 4129 4130 3056 4140 4141 3299 3297 1730,1201.963
2256,2256 2258 2952 3776 3774 3777 3409 3112 2949,590.624
916,916 2460 3137 3138 3889 2759 3321 2760 1976 3570 1991 3565 2129 3479 4077 1890 4422 4423,1263.5409999999997
1398,1398 2690 3347 2689 1879 1880 1589 3200 3201,369.3859999999999
4367,4367 3762 3759 3764 3758 4296 1821,450.91200000000003
3992,3992 3993 4442 4048 4031 4029 4032 2921 2808 3678 2890 1889 1887 2090 2971 3206 2695,812.6059999999999
1759,1759 2421 1872 4235 4236 4237 3254 2245 2244 3758 4296 1821,706.033
2592,2592 2591 3756 3755 3754 2596 3532 3531 3524 3522 2234 1462 476 471 2670 2050 817 831 1664 3547 3546 3543 669 1961,2016.3380000000002
1838,1838 2811 2813 2816 2802 2842 3323 4269 4270 4341 4342 3368 3367 2734 3477 3478 3481 3287 3288,1025.008
4137,4137 4072 3268 3266 2056 3636 4059 4055 4271 1764 3638 3639 3640 2995 3637 2916 4038 2917 3556 3557 3558 348,1346.3890000000001
3524,3524 3522 2234 1462 476 471 2670 2050 817 831 1664 3547 3546 3543 669 1961,1337.7969999999998
4370,4370 4368 3778 4355 4353 4356 3106 4154 2919 4447 4435 4475 4430 4431 1593 4383 2712 3278 4040 3556 3557 3558 348,1388.382
2874,2874 2748 2747 2216 4022 4021 4027 3648 3645 3647 3092 2869 2189 2183 3089 3088 3086,1310.371
1585,1585 2672 2884 2882 2888 2608 4389 2610 2782 3852 3850 3783 4335 4333 4336 2354 1915 3346 4350 4348 4347 3601,1366.795
1496,1496 817 831 1664 3547 3546 3543 669 1961,872.0329999999999
3743,3743 3481 3287 3288,150.63
3203,3203 3202 3506 4334 1922 1916 2900 2899 1915 3346 4350 4348 4347 3601,605.154
4235,4235 4236 4237 3254 2245 2244 3758 4296 1821,537.8990000000001
2367,2367 4293 1862 2892 3439 1864 2973 2972 4091 2986 2987 4092 3316 3314 3307 3046 1816 1817 2348 3459 3461 4105 4365 4366 4367 3762 3759 3764 3758 4296 1821,1731.616
428,428 423 1466 1467 3857 3858 3859 2622 2757 2756 2755 2742 2741 2740 1343 1341 2500 2498 1395 76,1606.522
3943,3943 3195 2750 2753 2754 2893 745 2258 2952 3776 3774 3777 3409 3112 2949,1014.608
202,202 201 2641 2640 2639 2439 2592 2591 3756 3755 3754 2596 3532 3531 3524 3522 2234 1462 476 471 2670 2050 817 831 1664 3547 3546 3543 669 1961,2613.4059999999995
4357,4357 4358 4359 3637 2916 4038 2917 3556 3557 3558 348,688.4540000000001
2672,2672 2884 2882 2888 2608 4389 2610 2782 3852 3850 3783 4335 4333 4336 2354 1915 3346 4350 4348 4347 3601,1264.227
3518,3518 2144 3626 3625 3624 2295 3623 3622 3620 2925 2924 2857 2855 2859 2304 3537 1758 2408 2410 2411 2017 1304 1302 1301 783 2678 4205 2677 2679 3878 3879 4212 4327 4078 4330 4243 4083 4082 4084 4085 4086,1971.563
3552,3552 1955 1956 3164 1962 1957 1961,557.8539999999999
2633,2633 2632 2630 2629 2627 2641 2640 2639 2439 2592 2591 3756 3755 3754 2596 3532 3531 3524 3522 2234 1462 476 471 2670 2050 817 831 1664 3547 3546 3543 669 1961,3010.2900000000004
4186,4186 4053 4055 4271 1764 3638 3639 3640 2995 3637 2916 4038 2917 3556 3557 3558 348,1094.336
3590,3590 3591 2018 1300 4200 2678 4205 2677 2679 3878 3879 4212 4327 4078 4330 4243 4083 4082 4084 4085 4086,1163.9690000000003
1762,1762 2369 3789 4375 4129 4130 3056 4140 4141 3299 3297 1730,669.5279999999999
3774,3774 3777 3409 3112 2949,335.91799999999995
2067,2067 3244 3245 3246 2933 3647 3092 2869 2189 2183 3089 3088 3086,698.679
2909,2909 2910 2911 4287 4289 4290 3999 3846 3847 4005 4323 4321 4324 3215 4221 3507 2022 3598 3597,1213.022
2347,2347 2346 3459 3461 4105 4365 4366 4367 3762 3759 3764 3758 4296 1821,913.366
4018,4018 4019 4072 3268 3266 2056 3636 4059 4055 4271 1764 3638 3639 3640 2995 3637 2916 4038 2917 3556 3557 3558 348,1366.3840000000002
2649,2649 2226 2227 2230 3565 2129 3479 4077 1890 4422 4423,541.749
112,112 4264 4265 3486 3286 4266 4267 4268 3548 2252 3169 3543 669 1961,1118.6680000000001
1839,1839 2979 2107 2106 1609 1758 2408 2410 2411 2017 1304 1302 1301 783 2678 4205 2677 2679 3878 3879 4212 4327 4078 4330 4243 4083 4082 4084 4085 4086,1543.6380000000001
3261,3261 3262 3265 2084 2905 2906 3241 3242 3243 2067 3244 3245 3246 2933 3647 3092 2869 2189 2183 3089 3088 3086,1136.724
3761,3761 3759 3764 3758 4296 1821,325.519
2370,2370 1566 2831 2830 2832 2833 2834 1869 2134 1612 1498 3309 3046 1816 1817 2348 3459 3461 4105 4365 4366 4367 3762 3759 3764 3758 4296 1821,2091.87
4064,4064 4065 3257 2970 3979 4439 4440 4441 4020 4072 3268 3266 2056 3636 4059 4055 4271 1764 3638 3639 3640 2995 3637 2916 4038 2917 3556 3557 3558 348,1758.796
4437,4437 4432 2914 2915 4380 4381 4383 2712 3278 4040 3556 3557 3558 348,731.876
4258,4258 4246 4247 4368 3778 4355 4353 4356 3106 4154 2919 4447 4435 4475 4430 4431 1593 4383 2712 3278 4040 3556 3557 3558 348,1302.8170000000002
2027,2027 2026 3791 4012 2105 2103 2104 2098 2097 2100 2099 1928 3507 2022 3598 3597,770.4309999999998
2818,2818 3946 2817 3948 3440 3441 3225 3226 3772 4089 4100 3800 3386 3387 3388 2420 3015 3014 3012 2343 3766 3768 3765 3324 3761 3759 3764 3758 4296 1821,1744.3069999999993
3156,3156 3162 2059 4059 4055 4271 1764 3638 3639 3640 2995 3637 2916 4038 2917 3556 3557 3558 348,1282.159
1219,1219 1213 192 1222 1061 1065 1001,662.7629999999999
4026,4026 4024 3247 3646 3645 3647 3092 2869 2189 2183 3089 3088 3086,801.798
2351,2351 3255 3256 4239 4240 4191 3416 3417 3535 3177 3533 3097 3096 2406 3413 2020 1304 1302 1301 783 2678 4205 2677 2679 3878 3879 4212 4327 4078 4330 4243 4083 4082 4084 4085 4086,1907.015
4257,4257 4258 4246 4247 4368 3778 4355 4353 4356 3106 4154 2919 4447 4435 4475 4430 4431 1593 4383 2712 3278 4040 3556 3557 3558 348,1439.478
901,901 1415 1346 2256 2258 2952 3776 3774 3777 3409 3112 2949,825.092
132,132 343 342 2500 2498 1395 76,367.909
3422,3422 3423 2617 2607 3216 3217 3219 2861 2369 3789 4375 4129 4130 3056 4140 4141 3299 3297 1730,1072.664
2853,2853 2852 2092 2093 2694 3206 2695,260.783
2453,2453 2454 2458 2459 2831 2830 2832 2833 2834 1869 2134 1612 1498 3309 3046 1816 1817 2348 3459 3461 4105 4365 4366 4367 3762 3759 3764 3758 4296 1821,2241.6090000000004
2999,2999 4163 4165 4166 2425 2937 4146 4147 4148 3607 3609 4013 4011 4014 3508 4002 4317 4318 4319 1928 3507 2022 3598 3597,1534.9560000000001
3799,3799 3988 3989 3990 3297 1730,319.302
1484,1484 468 1060 1058 1395 76,480.196
4348,4348 4347 3601,83.37899999999999
1414,1414 1412 2748 2747 2216 4022 4021 4027 3648 3645 3647 3092 2869 2189 2183 3089 3088 3086,1308.958
3409,3409 3112 2949,174.096
4274,4274 3342 3343 4060 4449 4438 4476 4473 4474 4036 2918 3278 4040 3556 3557 3558 348,931.006
3390,3390 3388 2420 3015 3014 3012 2343 3766 3768 3765 3324 3761 3759 3764 3758 4296 1821,839.923
2094,2094 2153 2162 2161 3716 3524 3522 2234 1462 476 471 2670 2050 817 831 1664 3547 3546 3543 669 1961,1743.525
777,777 525 2824 2843 2844 3192 3197 2821 1529 1420 1419 1603 2952 3776 3774 3777 3409 3112 2949,1379.4969999999998
2596,2596 3532 3531 3524 3522 2234 1462 476 471 2670 2050 817 831 1664 3547 3546 3543 669 1961,1596.08
2316,2316 2317 2307 1949 1948 3258 2872 4017 4018 4019 4072 3268 3266 2056 3636 4059 4055 4271 1764 3638 3639 3640 2995 3637 2916 4038 2917 3556 3557 3558 348,1850.324
2900,2900 2899 1915 3346 4350 4348 4347 3601,308.58000000000004
1907,1907 1961,13.036
4360,4360 4006 4008 3996 2936 2264 782 458 1508 344 3677 2852 2092 2093 2694 3206 2695,655.718
3163,3163 3167 3164 1962 1957 1961,436.246
1981,1981 3577 3421 3422 3423 2617 2607 3216 3217 3219 2861 2369 3789 4375 4129 4130 3056 4140 4141 3299 3297 1730,1249.4569999999999
2230,2230 3565 2129 3479 4077 1890 4422 4423,407.45599999999996
3161,3161 3162 2059 4059 4055 4271 1764 3638 3639 3640 2995 3637 2916 4038 2917 3556 3557 3558 348,1219.4360000000001
1579,1579 1834 2436 2435 2434 2802 2842 3323 4269 4270 4341 4342 3368 3367 2734 3477 3478 3481 3287 3288,1138.754
778,778 779 2818 3946 2817 3948 3440 3441 3225 3226 3772 4089 4100 3800 3386 3387 3388 2420 3015 3014 3012 2343 3766 3768 3765 3324 3761 3759 3764 3758 4296 1821,1824.6009999999997
2285,2285 2279 3693 3694 3695 2255 2423 3882 3880 3719 3717 2424 3519 2235 3635 3634 3633 2240 2232 2234 1462 476 471 2670 2050 817 831 1664 3547 3546 3543 669 1961,2109.482
1400,1400 1055 2219 2217 781 1502 2790 1496 817 831 1664 3547 3546 3543 669 1961,1213.1779999999999
3757,3757 4078 4330 4243 4083 4082 4084 4085 4086,513.986
3798,3798 3796 3795 995 1065 1001,340.13100000000003
2305,2305 2859 2304 3537 1758 2408 2410 2411 2017 1304 1302 1301 783 2678 4205 2677 2679 3878 3879 4212 4327 4078 4330 4243 4083 4082 4084 4085 4086,1493.2860000000003
1782,1782 4342 3368 3367 2734 3477 3478 3481 3287 3288,495.88
3632,3632 3631 3630 2044 2045 2046 2048 3633 2240 2232 2234 1462 476 471 2670 2050 817 831 1664 3547 3546 3543 669 1961,1657.147
1593,1593 4383 2712 3278 4040 3556 3557 3558 348,439.957
3258,3258 2872 4017 4018 4019 4072 3268 3266 2056 3636 4059 4055 4271 1764 3638 3639 3640 2995 3637 2916 4038 2917 3556 3557 3558 348,1581.586
2747,2747 2216 4022 4021 4027 3648 3645 3647 3092 2869 2189 2183 3089 3088 3086,1279.667
2883,2883 2882 2888 2608 4389 2610 2782 3852 3850 3783 4335 4333 4336 2354 1915 3346 4350 4348 4347 3601,1153.502
4442,4442 4048 4031 4029 4032 2921 2808 3678 2890 1889 1887 2090 2971 3206 2695,715.9609999999999
3912,3912 3913 3289 3290 3350 3347 2689 1879 1880 1589 3200 3201,392.1279999999999
1854,1854 1856 2370 1566 2831 2830 2832 2833 2834 1869 2134 1612 1498 3309 3046 1816 1817 2348 3459 3461 4105 4365 4366 4367 3762 3759 3764 3758 4296 1821,2168.2
1910,1910 3632 3631 3630 2044 2045 2046 2048 3633 2240 2232 2234 1462 476 471 2670 2050 817 831 1664 3547 3546 3543 669 1961,1721.903
3995,3995 4030 2923 2806 2807 1607 344 3677 2852 2092 2093 2694 3206 2695,548.931
3008,3008 3649 3650 2074 2079 2080 3249 3250 3251 1711 1751 1749 1746 1748,600.714
889,889 3074 2444 1800 1813 1548 1568 779 2818 3946 2817 3948 3440 3441 3225 3226 3772 4089 4100 3800 3386 3387 3388 2420 3015 3014 3012 2343 3766 3768 3765 3324 3761 3759 3764 3758 4296 1821,2188.7599999999993
1200,1200 1092 2598 2599 2602 2604 2495 2496 2498 1395 76,1194.0990000000002
2748,2748 2747 2216 4022 4021 4027 3648 3645 3647 3092 2869 2189 2183 3089 3088 3086,1283.236
3684,3684 2824 2843 2844 3192 3197 2821 1529 1420 1419 1603 2952 3776 3774 3777 3409 3112 2949,1385.204
2189,2189 2183 3089 3088 3086,292.62399999999997
1302,1302 1301 783 2678 4205 2677 2679 3878 3879 4212 4327 4078 4330 4243 4083 4082 4084 4085 4086,1023.4219999999999
2153,2153 2162 2161 3716 3524 3522 2234 1462 476 471 2670 2050 817 831 1664 3547 3546 3543 669 1961,1682.146
3428,3428 3430 2359 3443 1814 1859 2944 2943 4294 4292 4295 3450 3438 2972 4091 2986 2987 4092 3316 3314 3307 3046 1816 1817 2348 3459 3461 4105 4365 4366 4367 3762 3759 3764 3758 4296 1821,2037.9289999999996
3049,3049 4420 4419 4413 4417 4416 4228 4226 4224 3391 3390 3388 2420 3015 3014 3012 2343 3766 3768 3765 3324 3761 3759 3764 3758 4296 1821,1651.7909999999997
3773,3773 3774 3777 3409 3112 2949,405.33299999999997
3962,3962 4284 4106 4107 4108 3564 3482 3483 3474 3475 3478 3481 3287 3288,891.7910000000002
2436,2436 2435 2434 2802 2842 3323 4269 4270 4341 4342 3368 3367 2734 3477 3478 3481 3287 3288,1016.72
2783,2783 1270 1199 3408 3405 4303 4301 4297 4296 1821,967.893
3095,3095 3100 2109 2110 2111 1934 2981 3680 3679 2408 2410 2411 2017 1304 1302 1301 783 2678 4205 2677 2679 3878 3879 4212 4327 4078 4330 4243 4083 4082 4084 4085 4086,1715.2420000000002
3268,3268 3266 2056 3636 4059 4055 4271 1764 3638 3639 3640 2995 3637 2916 4038 2917 3556 3557 3558 348,1207.557
2707,2707 2706 2705 3558 348,228.62400000000002
3296,3296 3297 1730,150.364
3257,3257 2970 3979 4439 4440 4441 4020 4072 3268 3266 2056 3636 4059 4055 4271 1764 3638 3639 3640 2995 3637 2916 4038 2917 3556 3557 3558 348,1639.944
1954,1954 2711 2710 2707 2706 2705 3558 348,434.4200000000001
3783,3783 4335 4333 4336 2354 1915 3346 4350 4348 4347 3601,651.464
3058,3058 3599 3600 4347 3601,235.807
2417,2417 2738 3898 3903 2758 3926 4404 3921 2756 2755 2742 2741 2740 1343 1341 2500 2498 1395 76,1238.0900000000001
4013,4013 4011 4014 3508 4002 4317 4318 4319 1928 3507 2022 3598 3597,626.6209999999999
3928,3928 4404 3921 2756 2755 2742 2741 2740 1343 1341 2500 2498 1395 76,860.1439999999999
2200,2200 2203 2205 2206 3066 2212 4073 4074 4075 4161 4424 4423,684.4370000000001
1389,1389 1390 1391 1392 2728 3913 3289 3290 3350 3347 2689 1879 1880 1589 3200 3201,445.9719999999999
1731,1731 1735 3227 4052 4222 3389 3392 3253 3387 3388 2420 3015 3014 3012 2343 3766 3768 3765 3324 3761 3759 3764 3758 4296 1821,1441.2729999999997
3299,3299 3297 1730,165.937
1119,1119 1127 1116 1118 2687 2688 527 1527 489 3883 3884 3885 4215 3942 3888 1620 2402 3734 3736 3737 2202 2204 2207 2212 4073 4074 4075 4161 4424 4423,1444.2769999999996
4241,4241 3270 2985 4245 4082 4084 4085 4086,348.70099999999996
2216,2216 4022 4021 4027 3648 3645 3647 3092 2869 2189 2183 3089 3088 3086,1160.888
1917,1917 3574 3345 2023 3600 4347 3601,279.83500000000004
3923,3923 3929 4406 3920 2743 2691 2692 2729 3911 3912 3913 3289 3290 3350 3347 2689 1879 1880 1589 3200 3201,903.4520000000001
893,893 895 1570 1490 1536 2454 2458 2459 2831 2830 2832 2833 2834 1869 2134 1612 1498 3309 3046 1816 1817 2348 3459 3461 4105 4365 4366 4367 3762 3759 3764 3758 4296 1821,2424.8940000000002
3259,3259 3980 2872 4017 4018 4019 4072 3268 3266 2056 3636 4059 4055 4271 1764 3638 3639 3640 2995 3637 2916 4038 2917 3556 3557 3558 348,1700.394
3900,3900 4399 3927 2758 3926 4404 3921 2756 2755 2742 2741 2740 1343 1341 2500 2498 1395 76,1214.4320000000002
4109,4109 4107 4108 3564 3482 3483 3474 3475 3478 3481 3287 3288,728.0640000000001
2070,2070 2072 2069 3250 3251 1711 1751 1749 1746 1748,523.7890000000001
3848,3848 2862 3219 2861 2369 3789 4375 4129 4130 3056 4140 4141 3299 3297 1730,1036.8500000000001
3941,3941 1620 2402 3734 3736 3737 2202 2204 2207 2212 4073 4074 4075 4161 4424 4423,824.8960000000002
3191,3191 4010 3508 4002 4317 4318 4319 1928 3507 2022 3598 3597,542.721
87,87 488 1076 1092 2598 2599 2602 2604 2495 2496 2498 1395 76,1561.8860000000004
2087,2087 3663 3664 3940 3673 702 704 716,510.917
3255,3255 3256 4239 4240 4191 3416 3417 3535 3177 3533 3097 3096 2406 3413 2020 1304 1302 1301 783 2678 4205 2677 2679 3878 3879 4212 4327 4078 4330 4243 4083 4082 4084 4085 4086,1775.4060000000002
2241,2241 2242 2243 1493,221.65800000000002
2066,2066 1710 3265 2084 2905 2906 3241 3242 3243 2067 3244 3245 3246 2933 3647 3092 2869 2189 2183 3089 3088 3086,1082.354
3788,3788 3055 3300 3296 3297 1730,379.281
3219,3219 2861 2369 3789 4375 4129 4130 3056 4140 4141 3299 3297 1730,799.622
2983,2983 2984 4085 4086,123.00300000000001
4267,4267 4268 3548 2252 3169 3543 669 1961,598.078
4332,4332 3574 3345 2023 3600 4347 3601,385.525
2110,2110 2111 1934 2981 3680 3679 2408 2410 2411 2017 1304 1302 1301 783 2678 4205 2677 2679 3878 3879 4212 4327 4078 4330 4243 4083 4082 4084 4085 4086,1612.4940000000001
3930,3930 4407 4405 4404 3921 2756 2755 2742 2741 2740 1343 1341 2500 2498 1395 76,908.981
2964,2964 4117 4071 4020 4072 3268 3266 2056 3636 4059 4055 4271 1764 3638 3639 3640 2995 3637 2916 4038 2917 3556 3557 3558 348,1742.392
2000,2000 1999 2410 2411 2017 1304 1302 1301 783 2678 4205 2677 2679 3878 3879 4212 4327 4078 4330 4243 4083 4082 4084 4085 4086,1517.0870000000002
2754,2754 2893 745 2258 2952 3776 3774 3777 3409 3112 2949,725.063
3914,3914 2732 3916 2749 3930 4407 4405 4404 3921 2756 2755 2742 2741 2740 1343 1341 2500 2498 1395 76,1253.3700000000001
2700,2700 1787 1746 1748,221.85200000000003
3205,3205 2900 2899 1915 3346 4350 4348 4347 3601,372.889
4287,4287 4289 4290 3999 3846 3847 4005 4323 4321 4324 3215 4221 3507 2022 3598 3597,1000.1499999999999
1185,1185 1182 1198 2640 2639 2439 2592 2591 3756 3755 3754 2596 3532 3531 3524 3522 2234 1462 476 471 2670 2050 817 831 1664 3547 3546 3543 669 1961,2532.593
1017,1017 375 1400 1055 2219 2217 781 1502 2790 1496 817 831 1664 3547 3546 3543 669 1961,1234.842
3199,3199 2823 1529 1420 1419 1603 2952 3776 3774 3777 3409 3112 2949,1004.5
1780,1780 1781 1777 1578 1726 1727 590 2196 2197 1943 1944 1946 1947,598.038
4459,4459 4466 4467 4468 4196 4194 4169 4453 4456 4454 3153 2534 3836 4232 3838 639,1295.064
1598,1598 1585 2672 2884 2882 2888 2608 4389 2610 2782 3852 3850 3783 4335 4333 4336 2354 1915 3346 4350 4348 4347 3601,1566.6999999999998
1289,1289 698 2056 3636 4059 4055 4271 1764 3638 3639 3640 2995 3637 2916 4038 2917 3556 3557 3558 348,1182.465
3778,3778 4355 4353 4356 3106 4154 2919 4447 4435 4475 4430 4431 1593 4383 2712 3278 4040 3556 3557 3558 348,1261.8
4422,4422 4423,62.388
955,955 1201 1200 1092 2598 2599 2602 2604 2495 2496 2498 1395 76,1241.4950000000003
4292,4292 4295 3450 3438 2972 4091 2986 2987 4092 3316 3314 3307 3046 1816 1817 2348 3459 3461 4105 4365 4366 4367 3762 3759 3764 3758 4296 1821,1581.6369999999997
2105,2105 2103 2104 2098 2097 2100 2099 1928 3507 2022 3598 3597,572.711
846,846 3112 2949,176.707
1777,1777 1578 1726 1727 590 2196 2197 1943 1944 1946 1947,502.619
3233,3233 3062 4131 3235 4136 3234 1566 2831 2830 2832 2833 2834 1869 2134 1612 1498 3309 3046 1816 1817 2348 3459 3461 4105 4365 4366 4367 3762 3759 3764 3758 4296 1821,2411.9690000000005
3144,3144 2854 1692 3210 3206 2695,313.33799999999997
1609,1609 1758 2408 2410 2411 2017 1304 1302 1301 783 2678 4205 2677 2679 3878 3879 4212 4327 4078 4330 4243 4083 4082 4084 4085 4086,1385.6760000000002
4102,4102 4309 3707 2152 3517 3586 3587 3584 3585 1839 2979 2107 2106 1609 1758 2408 2410 2411 2017 1304 1302 1301 783 2678 4205 2677 2679 3878 3879 4212 4327 4078 4330 4243 4083 4082 4084 4085 4086,1850.5320000000002
2346,2346 3459 3461 4105 4365 4366 4367 3762 3759 3764 3758 4296 1821,874.136
2217,2217 781 1502 2790 1496 817 831 1664 3547 3546 3543 669 1961,1066.751
3978,3978 1579 1834 2436 2435 2434 2802 2842 3323 4269 4270 4341 4342 3368 3367 2734 3477 3478 3481 3287 3288,1259.6799999999998
2114,2114 3145 3144 2854 1692 3210 3206 2695,390.89199999999994
1036,1036 1038 2592 2591 3756 3755 3754 2596 3532 3531 3524 3522 2234 1462 476 471 2670 2050 817 831 1664 3547 3546 3543 669 1961,2273.4700000000003
1369,1369 1371 1361 375 1400 1055 2219 2217 781 1502 2790 1496 817 831 1664 3547 3546 3543 669 1961,1298.8519999999999
1708,1708 3242 3243 2067 3244 3245 3246 2933 3647 3092 2869 2189 2183 3089 3088 3086,824.471
3925,3925 3926 4404 3921 2756 2755 2742 2741 2740 1343 1341 2500 2498 1395 76,937.644
1828,1828 3096 2406 3413 2020 1304 1302 1301 783 2678 4205 2677 2679 3878 3879 4212 4327 4078 4330 4243 4083 4082 4084 4085 4086,1374.6350000000002
3629,3629 3492 3491 2301 3632 3631 3630 2044 2045 2046 2048 3633 2240 2232 2234 1462 476 471 2670 2050 817 831 1664 3547 3546 3543 669 1961,1793.831
1173,1173 1166 2629 2627 2641 2640 2639 2439 2592 2591 3756 3755 3754 2596 3532 3531 3524 3522 2234 1462 476 471 2670 2050 817 831 1664 3547 3546 3543 669 1961,2785.971
1685,1685 2883 2882 2888 2608 4389 2610 2782 3852 3850 3783 4335 4333 4336 2354 1915 3346 4350 4348 4347 3601,1292.585
3677,3677 2852 2092 2093 2694 3206 2695,229.653
2304,2304 3537 1758 2408 2410 2411 2017 1304 1302 1301 783 2678 4205 2677 2679 3878 3879 4212 4327 4078 4330 4243 4083 4082 4084 4085 4086,1424.7210000000002
508,508 509 1519 2359 3443 1814 1859 2944 2943 4294 4292 4295 3450 3438 2972 4091 2986 2987 4092 3316 3314 3307 3046 1816 1817 2348 3459 3461 4105 4365 4366 4367 3762 3759 3764 3758 4296 1821,2216.8559999999998
1462,1462 476 471 2670 2050 817 831 1664 3547 3546 3543 669 1961,1112.29
2745,2745 2747 2216 4022 4021 4027 3648 3645 3647 3092 2869 2189 2183 3089 3088 3086,1286.786
2460,2460 3137 3138 3889 2759 3321 2760 1976 3570 1991 3565 2129 3479 4077 1890 4422 4423,1199.908
2454,2454 2458 2459 2831 2830 2832 2833 2834 1869 2134 1612 1498 3309 3046 1816 1817 2348 3459 3461 4105 4365 4366 4367 3762 3759 3764 3758 4296 1821,2233.1420000000003
3583,3583 3582 3681 3680 3679 2408 2410 2411 2017 1304 1302 1301 783 2678 4205 2677 2679 3878 3879 4212 4327 4078 4330 4243 4083 4082 4084 4085 4086,1575.4020000000003
1832,1832 1833 1836 1837 3423 2617 2607 3216 3217 3219 2861 2369 3789 4375 4129 4130 3056 4140 4141 3299 3297 1730,1330.9069999999997
3560,3560 2735 3562 3563 1969 3288,242.328
1995,1995 3868 4386 4394 4395 4396 3872 3850 3783 4335 4333 4336 2354 1915 3346 4350 4348 4347 3601,1349.1050000000002
2423,2423 3882 3880 3719 3717 2424 3519 2235 3635 3634 3633 2240 2232 2234 1462 476 471 2670 2050 817 831 1664 3547 3546 3543 669 1961,1842.762
3306,3306 3148 3149 3150 3753 3012 2343 3766 3768 3765 3324 3761 3759 3764 3758 4296 1821,943.6379999999999
1776,1776 1943 1944 1946 1947,186.33300000000003
4350,4350 4348 4347 3601,168.94299999999998
2629,2629 2627 2641 2640 2639 2439 2592 2591 3756 3755 3754 2596 3532 3531 3524 3522 2234 1462 476 471 2670 2050 817 831 1664 3547 3546 3543 669 1961,2618.5539999999996
2694,2694 3206 2695,104.801
2329,2329 2330 3355 3867 3865 3863 2702 2701 3727 4050 4444 4008 3996 2936 2264 782 458 1508 344 3677 2852 2092 2093 2694 3206 2695,1112.4740000000002
4265,4265 3486 3286 4266 4267 4268 3548 2252 3169 3543 669 1961,857.28
4351,4351 4348 4347 3601,111.967
3237,3237 2076 2075 1767 2871 2870 1573 3092 2869 2189 2183 3089 3088 3086,638.1279999999999
3379,3379 3380 1769 1717 623 2897 4025 2068 3248 3646 3645 3647 3092 2869 2189 2183 3089 3088 3086,1252.795
1625,1625 2214 3321 2760 1976 3570 1991 3565 2129 3479 4077 1890 4422 4423,860.397
3465,3465 3466 3467 3240 3657 3236 3004 3005 3239 2073 2941 3351 3352 3353 3093 1712 3090 3089 3088 3086,909.972
3361,3361 3362 3363 3360 3782 4277 3862 3863 2702 2701 3727 4050 4444 4008 3996 2936 2264 782 458 1508 344 3677 2852 2092 2093 2694 3206 2695,1307.5580000000002
3789,3789 4375 4129 4130 3056 4140 4141 3299 3297 1730,618.626
4333,4333 4336 2354 1915 3346 4350 4348 4347 3601,405.96900000000005
1479,1479 1482 1484 468 1060 1058 1395 76,714.611
690,690 3606 3605 3603 3191 4010 3508 4002 4317 4318 4319 1928 3507 2022 3598 3597,794.1639999999999
3396,3396 3401 3402 3538 1944 1946 1947,433.151
1845,1845 1846 3822 3827 2427 3376 3373 3377 3137 3138 3889 2759 3321 2760 1976 3570 1991 3565 2129 3479 4077 1890 4422 4423,1477.1909999999998
3897,3897 3902 3927 2758 3926 4404 3921 2756 2755 2742 2741 2740 1343 1341 2500 2498 1395 76,1173.777
3357,3357 2330 3355 3867 3865 3863 2702 2701 3727 4050 4444 4008 3996 2936 2264 782 458 1508 344 3677 2852 2092 2093 2694 3206 2695,1186.5610000000004
3101,3101 3100 2109 2110 2111 1934 2981 3680 3679 2408 2410 2411 2017 1304 1302 1301 783 2678 4205 2677 2679 3878 3879 4212 4327 4078 4330 4243 4083 4082 4084 4085 4086,1779.601
4410,4410 1759 2421 1872 4235 4236 4237 3254 2245 2244 3758 4296 1821,717.687
2404,2404 2950 3777 3409 3112 2949,363.48199999999997
1222,1222 1061 1065 1001,208.701
4301,4301 4297 4296 1821,488.446
4416,4416 4228 4226 4224 3391 3390 3388 2420 3015 3014 3012 2343 3766 3768 3765 3324 3761 3759 3764 3758 4296 1821,1371.1159999999995
3662,3662 3664 3940 3673 702 704 716,521.466
3185,3185 3184 1688 1687 1696 2345 2348 3459 3461 4105 4365 4366 4367 3762 3759 3764 3758 4296 1821,1013.7909999999999
94,94 282 371 1104 2678 4205 2677 2679 3878 3879 4212 4327 4078 4330 4243 4083 4082 4084 4085 4086,1002.6039999999999
4108,4108 3564 3482 3483 3474 3475 3478 3481 3287 3288,593.396
1742,1742 2946 2949,318.855
2406,2406 3413 2020 1304 1302 1301 783 2678 4205 2677 2679 3878 3879 4212 4327 4078 4330 4243 4083 4082 4084 4085 4086,1232.7240000000002
4051,4051 4223 4171 4172 1818 1759 2421 1872 4235 4236 4237 3254 2245 2244 3758 4296 1821,1175.6149999999998
4379,4379 4376 4378 3561 1969 3288,280.50300000000004
250,250 1265 1254 2476 2478 2664 2800 2463 2513 2373 2376 2375 3796 3795 995 1065 1001,1148.6029999999998
2906,2906 3241 3242 3243 2067 3244 3245 3246 2933 3647 3092 2869 2189 2183 3089 3088 3086,838.777
4314,4314 4312 4315 3511 4219 4035 2021 2022 3598 3597,494.21100000000007
3436,3436 3434 1854 1856 2370 1566 2831 2830 2832 2833 2834 1869 2134 1612 1498 3309 3046 1816 1817 2348 3459 3461 4105 4365 4366 4367 3762 3759 3764 3758 4296 1821,2267.8680000000004
2102,2102 2991 2100 2099 1928 3507 2022 3598 3597,402.099
593,593 1779 1778 1777 1578 1726 1727 590 2196 2197 1943 1944 1946 1947,665.909
2496,2496 2498 1395 76,205.22500000000002
2772,2772 3777 3409 3112 2949,344.431
1758,1758 2408 2410 2411 2017 1304 1302 1301 783 2678 4205 2677 2679 3878 3879 4212 4327 4078 4330 4243 4083 4082 4084 4085 4086,1339.7390000000003
2811,2811 2813 2816 2802 2842 3323 4269 4270 4341 4342 3368 3367 2734 3477 3478 3481 3287 3288,1016.9440000000001
2704,2704 3907 2730 4278 4276 4279 4401 4403 3992 3993 4442 4048 4031 4029 4032 2921 2808 3678 2890 1889 1887 2090 2971 3206 2695,1556.89
3839,3839 2912 2938 4146 4147 4148 3607 3609 4013 4011 4014 3508 4002 4317 4318 4319 1928 3507 2022 3598 3597,1272.6810000000003
4057,4057 4055 4271 1764 3638 3639 3640 2995 3637 2916 4038 2917 3556 3557 3558 348,1142.407
4080,4080 4244 4242 4245 4082 4084 4085 4086,485.26199999999994
2582,2582 2581 2595 2594 3754 2596 3532 3531 3524 3522 2234 1462 476 471 2670 2050 817 831 1664 3547 3546 3543 669 1961,2069.159
2749,2749 3930 4407 4405 4404 3921 2756 2755 2742 2741 2740 1343 1341 2500 2498 1395 76,989.4780000000001
3358,3358 3462 3867 3865 3863 2702 2701 3727 4050 4444 4008 3996 2936 2264 782 458 1508 344 3677 2852 2092 2093 2694 3206 2695,1132.6420000000003
4290,4290 3999 3846 3847 4005 4323 4321 4324 3215 4221 3507 2022 3598 3597,840.249
444,444 441 439 435 431 428 423 1466 1467 3857 3858 3859 2622 2757 2756 2755 2742 2741 2740 1343 1341 2500 2498 1395 76,2606.0270000000005
4444,4444 4008 3996 2936 2264 782 458 1508 344 3677 2852 2092 2093 2694 3206 2695,540.8170000000001
1463,1463 1103 488 1076 1092 2598 2599 2602 2604 2495 2496 2498 1395 76,1600.2670000000005
1,1 2 3 4 7 10 1052 1049 2633 2632 2630 2629 2627 2641 2640 2639 2439 2592 2591 3756 3755 3754 2596 3532 3531 3524 3522 2234 1462 476 471 2670 2050 817 831 1664 3547 3546 3543 669 1961,4374.808000000001
3889,3889 2759 3321 2760 1976 3570 1991 3565 2129 3479 4077 1890 4422 4423,828.2489999999999
2866,2866 3978 1579 1834 2436 2435 2434 2802 2842 3323 4269 4270 4341 4342 3368 3367 2734 3477 3478 3481 3287 3288,1365.824
2165,2165 1038 2592 2591 3756 3755 3754 2596 3532 3531 3524 3522 2234 1462 476 471 2670 2050 817 831 1664 3547 3546 3543 669 1961,2242.057
1163,1163 1164 1173 1166 2629 2627 2641 2640 2639 2439 2592 2591 3756 3755 3754 2596 3532 3531 3524 3522 2234 1462 476 471 2670 2050 817 831 1664 3547 3546 3543 669 1961,2927.76
2819,2819 3946 2817 3948 3440 3441 3225 3226 3772 4089 4100 3800 3386 3387 3388 2420 3015 3014 3012 2343 3766 3768 3765 3324 3761 3759 3764 3758 4296 1821,1790.4079999999994
3173,3173 3839 2912 2938 4146 4147 4148 3607 3609 4013 4011 4014 3508 4002 4317 4318 4319 1928 3507 2022 3598 3597,1284.9690000000003
3910,3910 4380 4381 4383 2712 3278 4040 3556 3557 3558 348,538.826
3470,3470 1875 3866 3865 3863 2702 2701 3727 4050 4444 4008 3996 2936 2264 782 458 1508 344 3677 2852 2092 2093 2694 3206 2695,1083.713
1156,1156 1157 1159 1164 1173 1166 2629 2627 2641 2640 2639 2439 2592 2591 3756 3755 3754 2596 3532 3531 3524 3522 2234 1462 476 471 2670 2050 817 831 1664 3547 3546 3543 669 1961,3002.4680000000003
3508,3508 4002 4317 4318 4319 1928 3507 2022 3598 3597,418.08400000000006
3111,3111 3112 2949,165.627
3074,3074 2444 1800 1813 1548 1568 779 2818 3946 2817 3948 3440 3441 3225 3226 3772 4089 4100 3800 3386 3387 3388 2420 3015 3014 3012 2343 3766 3768 3765 3324 3761 3759 3764 3758 4296 1821,2123.2099999999996
3220,3220 3221 2265 2264 782 458 1508 344 3677 2852 2092 2093 2694 3206 2695,572.3170000000001
2638,2638 450 447 444 441 439 435 431 428 423 1466 1467 3857 3858 3859 2622 2757 2756 2755 2742 2741 2740 1343 1341 2500 2498 1395 76,3177.929
3266,3266 2056 3636 4059 4055 4271 1764 3638 3639 3640 2995 3637 2916 4038 2917 3556 3557 3558 348,1159.271
1578,1578 1726 1727 590 2196 2197 1943 1944 1946 1947,488.68600000000004
1878,1878 2063 3261 3262 3265 2084 2905 2906 3241 3242 3243 2067 3244 3245 3246 2933 3647 3092 2869 2189 2183 3089 3088 3086,1234.221
4391,4391 3852 3850 3783 4335 4333 4336 2354 1915 3346 4350 4348 4347 3601,967.7339999999999
878,878 2839 2368 2369 3789 4375 4129 4130 3056 4140 4141 3299 3297 1730,798.0880000000001
4147,4147 4148 3607 3609 4013 4011 4014 3508 4002 4317 4318 4319 1928 3507 2022 3598 3597,869.925
1926,1926 2899 1915 3346 4350 4348 4347 3601,355.43500000000006
3411,3411 3410 3409 3112 2949,317.89899999999994
3359,3359 3363 3360 3782 4277 3862 3863 2702 2701 3727 4050 4444 4008 3996 2936 2264 782 458 1508 344 3677 2852 2092 2093 2694 3206 2695,1293.2260000000003
2265,2265 2264 782 458 1508 344 3677 2852 2092 2093 2694 3206 2695,406.31000000000006
2995,2995 3637 2916 4038 2917 3556 3557 3558 348,443.268
3702,3702 3701 2255 2423 3882 3880 3719 3717 2424 3519 2235 3635 3634 3633 2240 2232 2234 1462 476 471 2670 2050 817 831 1664 3547 3546 3543 669 1961,1952.528
3952,3952 4425 4459 4466 4467 4468 4196 4194 4169 4453 4456 4454 3153 2534 3836 4232 3838 639,1421.209
2927,2927 2928 2930 4075 4161 4424 4423,342.654
4392,4392 98 271 100 2782 3852 3850 3783 4335 4333 4336 2354 1915 3346 4350 4348 4347 3601,947.5809999999999
1970,1970 1971 3564 3482 3483 3474 3475 3478 3481 3287 3288,635.9620000000001
1234,1234 1237 1035 1036 1038 2592 2591 3756 3755 3754 2596 3532 3531 3524 3522 2234 1462 476 471 2670 2050 817 831 1664 3547 3546 3543 669 1961,2735.9739999999997
2934,2934 3464 3895 3733 2701 3727 4050 4444 4008 3996 2936 2264 782 458 1508 344 3677 2852 2092 2093 2694 3206 2695,938.147
3854,3854 3075 1554 1549 1568 779 2818 3946 2817 3948 3440 3441 3225 3226 3772 4089 4100 3800 3386 3387 3388 2420 3015 3014 3012 2343 3766 3768 3765 3324 3761 3759 3764 3758 4296 1821,2121.9759999999997
3454,3454 3452 3451 2788 2783 1270 1199 3408 3405 4303 4301 4297 4296 1821,1681.8959999999997
1718,1718 623 2897 4025 2068 3248 3646 3645 3647 3092 2869 2189 2183 3089 3088 3086,1150.443
3643,3643 2061 2062 2268 2898 4023 4026 4024 3247 3646 3645 3647 3092 2869 2189 2183 3089 3088 3086,1296.381
4006,4006 4008 3996 2936 2264 782 458 1508 344 3677 2852 2092 2093 2694 3206 2695,633.726
1310,1310 2522 2519 2521 2638 450 447 444 441 439 435 431 428 423 1466 1467 3857 3858 3859 2622 2757 2756 2755 2742 2741 2740 1343 1341 2500 2498 1395 76,3639.6349999999998
3996,3996 2936 2264 782 458 1508 344 3677 2852 2092 2093 2694 3206 2695,443.004
2673,2673 2674 2375 3796 3795 995 1065 1001,386.273
1354,1354 2706 2705 3558 348,241.817
4085,4085 4086,24.472
2462,2462 3139 3138 3889 2759 3321 2760 1976 3570 1991 3565 2129 3479 4077 1890 4422 4423,1211.3739999999998
3515,3515 2926 2009 2008 2856 2305 2859 2304 3537 1758 2408 2410 2411 2017 1304 1302 1301 783 2678 4205 2677 2679 3878 3879 4212 4327 4078 4330 4243 4083 4082 4084 4085 4086,1766.8790000000001
4254,4254 4251 4248 4247 4368 3778 4355 4353 4356 3106 4154 2919 4447 4435 4475 4430 4431 1593 4383 2712 3278 4040 3556 3557 3558 348,1547.9370000000001
890,890 3821 3074 2444 1800 1813 1548 1568 779 2818 3946 2817 3948 3440 3441 3225 3226 3772 4089 4100 3800 3386 3387 3388 2420 3015 3014 3012 2343 3766 3768 3765 3324 3761 3759 3764 3758 4296 1821,2258.432
2832,2832 2833 2834 1869 2134 1612 1498 3309 3046 1816 1817 2348 3459 3461 4105 4365 4366 4367 3762 3759 3764 3758 4296 1821,1715.4509999999996
1511,1511 2402 3734 3736 3737 2202 2204 2207 2212 4073 4074 4075 4161 4424 4423,812.6350000000001
3272,3272 4248 4247 4368 3778 4355 4353 4356 3106 4154 2919 4447 4435 4475 4430 4431 1593 4383 2712 3278 4040 3556 3557 3558 348,1358.269
3558,3558 348,116.177
2847,2847 2805 3938 3939 3940 3673 702 704 716,618.557
1253,1253 2664 2800 2463 2513 2373 2376 2375 3796 3795 995 1065 1001,845.7639999999999
1467,1467 3857 3858 3859 2622 2757 2756 2755 2742 2741 2740 1343 1341 2500 2498 1395 76,1194.4640000000004
2214,2214 3321 2760 1976 3570 1991 3565 2129 3479 4077 1890 4422 4423,837.553
2720,2720 2718 2713 2661 1446 1456 482 1500 1502 2790 1496 817 831 1664 3547 3546 3543 669 1961,1670.909
1830,1830 3963 3418 3536 3533 3097 3096 2406 3413 2020 1304 1302 1301 783 2678 4205 2677 2679 3878 3879 4212 4327 4078 4330 4243 4083 4082 4084 4085 4086,1533.1650000000002
1572,1572 2867 3977 2868 3371 3934 3961 3958 3962 4284 4106 4107 4108 3564 3482 3483 3474 3475 3478 3481 3287 3288,1604.696
4197,4197 3182 4427 4415 4414 4465 4464 4051 4223 4171 4172 1818 1759 2421 1872 4235 4236 4237 3254 2245 2244 3758 4296 1821,1684.6930000000002
2178,2178 2179 716,182.619
1862,1862 2892 3439 1864 2973 2972 4091 2986 2987 4092 3316 3314 3307 3046 1816 1817 2348 3459 3461 4105 4365 4366 4367 3762 3759 3764 3758 4296 1821,1611.4619999999995
4011,4011 4014 3508 4002 4317 4318 4319 1928 3507 2022 3598 3597,566.5020000000001
1529,1529 1420 1419 1603 2952 3776 3774 3777 3409 3112 2949,862.615
2320,2320 2195 2183 3089 3088 3086,352.538
3267,3267 3268 3266 2056 3636 4059 4055 4271 1764 3638 3639 3640 2995 3637 2916 4038 2917 3556 3557 3558 348,1266.585
1817,1817 2348 3459 3461 4105 4365 4366 4367 3762 3759 3764 3758 4296 1821,855.4290000000001
4450,4450 4448 4472 4473 4474 4036 2918 3278 4040 3556 3557 3558 348,695.7250000000001
253,253 3118 2667 2670 2050 817 831 1664 3547 3546 3543 669 1961,1278.4519999999998
4306,4306 2931 3743 3481 3287 3288,264.205
484,484 525 2824 2843 2844 3192 3197 2821 1529 1420 1419 1603 2952 3776 3774 3777 3409 3112 2949,1379.9989999999998
1570,1570 1490 1536 2454 2458 2459 2831 2830 2832 2833 2834 1869 2134 1612 1498 3309 3046 1816 1817 2348 3459 3461 4105 4365 4366 4367 3762 3759 3764 3758 4296 1821,2365.1800000000003
3287,3287 3288,60.652
4220,4220 4221 3507 2022 3598 3597,279.75800000000004
3301,3301 3602 3604 3302 3189 3190 4000 4317 4318 4319 1928 3507 2022 3598 3597,751.2449999999999
3620,3620 2925 2924 2857 2855 2859 2304 3537 1758 2408 2410 2411 2017 1304 1302 1301 783 2678 4205 2677 2679 3878 3879 4212 4327 4078 4330 4243 4083 4082 4084 4085 4086,1725.2620000000002
3728,3728 3726 4050 4444 4008 3996 2936 2264 782 458 1508 344 3677 2852 2092 2093 2694 3206 2695,750.021
3413,3413 2020 1304 1302 1301 783 2678 4205 2677 2679 3878 3879 4212 4327 4078 4330 4243 4083 4082 4084 4085 4086,1216.554
2606,2606 2618 3682 2687 2688 527 1527 489 3883 3884 3885 4215 3942 3888 1620 2402 3734 3736 3737 2202 2204 2207 2212 4073 4074 4075 4161 4424 4423,1415.9659999999994
2371,2371 2370 1566 2831 2830 2832 2833 2834 1869 2134 1612 1498 3309 3046 1816 1817 2348 3459 3461 4105 4365 4366 4367 3762 3759 3764 3758 4296 1821,2149.013
2953,2953 3583 3582 3681 3680 3679 2408 2410 2411 2017 1304 1302 1301 783 2678 4205 2677 2679 3878 3879 4212 4327 4078 4330 4243 4083 4082 4084 4085 4086,1641.2520000000002
3056,3056 4140 4141 3299 3297 1730,335.156
3448,3448 3449 1865 1869 2134 1612 1498 3309 3046 1816 1817 2348 3459 3461 4105 4365 4366 4367 3762 3759 3764 3758 4296 1821,1505.234
470,470 1439 2772 3777 3409 3112 2949,461.18800000000005
3971,3971 1832 1833 1836 1837 3423 2617 2607 3216 3217 3219 2861 2369 3789 4375 4129 4130 3056 4140 4141 3299 3297 1730,1395.5459999999998
3116,3116 3117 3115 4155 3118 2667 2670 2050 817 831 1664 3547 3546 3543 669 1961,1327.1109999999999
1018,1018 2567 2572 2580 2471 2476 2478 2664 2800 2463 2513 2373 2376 2375 3796 3795 995 1065 1001,1195.789
3903,3903 2758 3926 4404 3921 2756 2755 2742 2741 2740 1343 1341 2500 2498 1395 76,974.972
227,227 1250 2713 2661 1446 1456 482 1500 1502 2790 1496 817 831 1664 3547 3546 3543 669 1961,1505.4839999999997
4247,4247 4368 3778 4355 4353 4356 3106 4154 2919 4447 4435 4475 4430 4431 1593 4383 2712 3278 4040 3556 3557 3558 348,1279.314
4078,4078 4330 4243 4083 4082 4084 4085 4086,503.14199999999994
3990,3990 3297 1730,202.998
3416,3416 3417 3535 3177 3533 3097 3096 2406 3413 2020 1304 1302 1301 783 2678 4205 2677 2679 3878 3879 4212 4327 4078 4330 4243 4083 4082 4084 4085 4086,1579.5740000000003
2037,2037 3109 2924 2857 2855 2859 2304 3537 1758 2408 2410 2411 2017 1304 1302 1301 783 2678 4205 2677 2679 3878 3879 4212 4327 4078 4330 4243 4083 4082 4084 4085 4086,1810.2810000000002
2730,2730 4278 4276 4279 4401 4403 3992 3993 4442 4048 4031 4029 4032 2921 2808 3678 2890 1889 1887 2090 2971 3206 2695,1335.0030000000002
3112,3112 2949,52.532
3113,3113 3072 3073 2198 2901 4162 4424 4423,326.567
3885,3885 4215 3942 3888 1620 2402 3734 3736 3737 2202 2204 2207 2212 4073 4074 4075 4161 4424 4423,1152.4549999999997
4288,4288 4289 4290 3999 3846 3847 4005 4323 4321 4324 3215 4221 3507 2022 3598 3597,919.172
3539,3539 3538 1944 1946 1947,236.72900000000004
367,367 2416 3289 3290 3350 3347 2689 1879 1880 1589 3200 3201,480.787
3138,3138 3889 2759 3321 2760 1976 3570 1991 3565 2129 3479 4077 1890 4422 4423,949.5779999999999
3821,3821 3074 2444 1800 1813 1548 1568 779 2818 3946 2817 3948 3440 3441 3225 3226 3772 4089 4100 3800 3386 3387 3388 2420 3015 3014 3012 2343 3766 3768 3765 3324 3761 3759 3764 3758 4296 1821,2247.2259999999997
3348,3348 3347 2689 1879 1880 1589 3200 3201,314.18699999999995
2374,2374 2373 2376 2375 3796 3795 995 1065 1001,591.366
1383,1383 1384 1393 1395 76,347.00300000000004
1520,1520 2817 3948 3440 3441 3225 3226 3772 4089 4100 3800 3386 3387 3388 2420 3015 3014 3012 2343 3766 3768 3765 3324 3761 3759 3764 3758 4296 1821,1697.6439999999993
2742,2742 2741 2740 1343 1341 2500 2498 1395 76,545.341
782,782 458 1508 344 3677 2852 2092 2093 2694 3206 2695,267.03099999999995
3686,3686 4218 3885 4215 3942 3888 1620 2402 3734 3736 3737 2202 2204 2207 2212 4073 4074 4075 4161 4424 4423,1181.6239999999996
3325,3325 3326 3764 3758 4296 1821,324.895
4320,4320 3215 4221 3507 2022 3598 3597,358.778
3006,3006 3007 3008 3649 3650 2074 2079 2080 3249 3250 3251 1711 1751 1749 1746 1748,690.5669999999999
3901,3901 3900 4399 3927 2758 3926 4404 3921 2756 2755 2742 2741 2740 1343 1341 2500 2498 1395 76,1295.1430000000003
2086,2086 3465 3466 3467 3240 3657 3236 3004 3005 3239 2073 2941 3351 3352 3353 3093 1712 3090 3089 3088 3086,963.346
3247,3247 3646 3645 3647 3092 2869 2189 2183 3089 3088 3086,657.81
1060,1060 1058 1395 76,407.897
1779,1779 1778 1777 1578 1726 1727 590 2196 2197 1943 1944 1946 1947,558.544
4364,4364 4366 4367 3762 3759 3764 3758 4296 1821,563.221
3118,3118 2667 2670 2050 817 831 1664 3547 3546 3543 669 1961,1187.853
3950,3950 3949 4213 3943 3195 2750 2753 2754 2893 745 2258 2952 3776 3774 3777 3409 3112 2949,1347.043
2921,2921 2808 3678 2890 1889 1887 2090 2971 3206 2695,443.85400000000004
192,192 1222 1061 1065 1001,262.961
4316,4316 4318 4319 1928 3507 2022 3598 3597,362.839
2781,2781 2777 2828 3456 3455 3454 3452 3451 2788 2783 1270 1199 3408 3405 4303 4301 4297 4296 1821,2240.7949999999996
1049,1049 2633 2632 2630 2629 2627 2641 2640 2639 2439 2592 2591 3756 3755 3754 2596 3532 3531 3524 3522 2234 1462 476 471 2670 2050 817 831 1664 3547 3546 3543 669 1961,3167.7900000000004
4362,4362 2847 2805 3938 3939 3940 3673 702 704 716,726.5540000000001
1504,1504 2115 2114 3145 3144 2854 1692 3210 3206 2695,566.787
3417,3417 3535 3177 3533 3097 3096 2406 3413 2020 1304 1302 1301 783 2678 4205 2677 2679 3878 3879 4212 4327 4078 4330 4243 4083 4082 4084 4085 4086,1527.9300000000003
1554,1554 1549 1568 779 2818 3946 2817 3948 3440 3441 3225 3226 3772 4089 4100 3800 3386 3387 3388 2420 3015 3014 3012 2343 3766 3768 3765 3324 3761 3759 3764 3758 4296 1821,1877.2289999999994
3895,3895 3733 2701 3727 4050 4444 4008 3996 2936 2264 782 458 1508 344 3677 2852 2092 2093 2694 3206 2695,879.5550000000001
3827,3827 2427 3376 3373 3377 3137 3138 3889 2759 3321 2760 1976 3570 1991 3565 2129 3479 4077 1890 4422 4423,1355.7179999999998
2432,2432 1837 3423 2617 2607 3216 3217 3219 2861 2369 3789 4375 4129 4130 3056 4140 4141 3299 3297 1730,1192.552
32,32 2534 3836 4232 3838 639,473.81
96,96 97 2888 2608 4389 2610 2782 3852 3850 3783 4335 4333 4336 2354 1915 3346 4350 4348 4347 3601,1017.36
219,219 1239 3415 3965 3964 3963 3418 3536 3533 3097 3096 2406 3413 2020 1304 1302 1301 783 2678 4205 2677 2679 3878 3879 4212 4327 4078 4330 4243 4083 4082 4084 4085 4086,1701.4840000000002
2644,2644 2649 2226 2227 2230 3565 2129 3479 4077 1890 4422 4423,643.4700000000001
632,632 1635 3307 3046 1816 1817 2348 3459 3461 4105 4365 4366 4367 3762 3759 3764 3758 4296 1821,1034.087
3884,3884 3885 4215 3942 3888 1620 2402 3734 3736 3737 2202 2204 2207 2212 4073 4074 4075 4161 4424 4423,1171.273
4188,4188 4189 3163 3167 3164 1962 1957 1961,634.264
4084,4084 4085 4086,52.385000000000005
1500,1500 1502 2790 1496 817 831 1664 3547 3546 3543 669 1961,933.3599999999999
4009,4009 3660 3220 3221 2265 2264 782 458 1508 344 3677 2852 2092 2093 2694 3206 2695,722.014
4129,4129 4130 3056 4140 4141 3299 3297 1730,389.762
3860,3860 3141 3142 3143 4109 4107 4108 3564 3482 3483 3474 3475 3478 3481 3287 3288,983.4920000000002
699,699 3266 2056 3636 4059 4055 4271 1764 3638 3639 3640 2995 3637 2916 4038 2917 3556 3557 3558 348,1199.027
3012,3012 2343 3766 3768 3765 3324 3761 3759 3764 3758 4296 1821,548.038
2044,2044 2045 2046 2048 3633 2240 2232 2234 1462 476 471 2670 2050 817 831 1664 3547 3546 3543 669 1961,1540.514
4218,4218 3885 4215 3942 3888 1620 2402 3734 3736 3737 2202 2204 2207 2212 4073 4074 4075 4161 4424 4423,1163.0599999999997
3062,3062 4131 3235 4136 3234 1566 2831 2830 2832 2833 2834 1869 2134 1612 1498 3309 3046 1816 1817 2348 3459 3461 4105 4365 4366 4367 3762 3759 3764 3758 4296 1821,2364.9760000000006
764,764 2301 3632 3631 3630 2044 2045 2046 2048 3633 2240 2232 2234 1462 476 471 2670 2050 817 831 1664 3547 3546 3543 669 1961,1743.4089999999999
2770,2770 3773 3774 3777 3409 3112 2949,462.421
3124,3124 3126 2940 4349 4348 4347 3601,247.92799999999997
4465,4465 4464 4051 4223 4171 4172 1818 1759 2421 1872 4235 4236 4237 3254 2245 2244 3758 4296 1821,1412.741
3180,3180 3181 1828 3096 2406 3413 2020 1304 1302 1301 783 2678 4205 2677 2679 3878 3879 4212 4327 4078 4330 4243 4083 4082 4084 4085 4086,1459.957
2873,2873 1830 3963 3418 3536 3533 3097 3096 2406 3413 2020 1304 1302 1301 783 2678 4205 2677 2679 3878 3879 4212 4327 4078 4330 4243 4083 4082 4084 4085 4086,1565.3110000000001
647,647 1873 3461 4105 4365 4366 4367 3762 3759 3764 3758 4296 1821,809.5820000000001
3994,3994 3920 2743 2691 2692 2729 3911 3912 3913 3289 3290 3350 3347 2689 1879 1880 1589 3200 3201,782.4560000000001
2122,2122 2332 2331 2704 3907 2730 4278 4276 4279 4401 4403 3992 3993 4442 4048 4031 4029 4032 2921 2808 3678 2890 1889 1887 2090 2971 3206 2695,1691.035
2809,2809 3289 3290 3350 3347 2689 1879 1880 1589 3200 3201,400.72099999999995
2598,2598 2599 2602 2604 2495 2496 2498 1395 76,1060.856
2861,2861 2369 3789 4375 4129 4130 3056 4140 4141 3299 3297 1730,677.6759999999999
1764,1764 3638 3639 3640 2995 3637 2916 4038 2917 3556 3557 3558 348,786.881
3630,3630 2044 2045 2046 2048 3633 2240 2232 2234 1462 476 471 2670 2050 817 831 1664 3547 3546 3543 669 1961,1589.892
454,454 1473 1476 1479 1482 1484 468 1060 1058 1395 76,1242.947
3732,3732 3728 3726 4050 4444 4008 3996 2936 2264 782 458 1508 344 3677 2852 2092 2093 2694 3206 2695,812.277
3908,3908 3906 3909 3915 3918 3917 3919 3923 3929 4406 3920 2743 2691 2692 2729 3911 3912 3913 3289 3290 3350 3347 2689 1879 1880 1589 3200 3201,1576.785
2657,2657 2661 1446 1456 482 1500 1502 2790 1496 817 831 1664 3547 3546 3543 669 1961,1444.8999999999999
3106,3106 4154 2919 4447 4435 4475 4430 4431 1593 4383 2712 3278 4040 3556 3557 3558 348,923.1290000000001
2872,2872 4017 4018 4019 4072 3268 3266 2056 3636 4059 4055 4271 1764 3638 3639 3640 2995 3637 2916 4038 2917 3556 3557 3558 348,1509.593
3694,3694 3695 2255 2423 3882 3880 3719 3717 2424 3519 2235 3635 3634 3633 2240 2232 2234 1462 476 471 2670 2050 817 831 1664 3547 3546 3543 669 1961,2066.0060000000003
1711,1711 1751 1749 1746 1748,220.502
4091,4091 2986 2987 4092 3316 3314 3307 3046 1816 1817 2348 3459 3461 4105 4365 4366 4367 3762 3759 3764 3758 4296 1821,1295.002
3537,3537 1758 2408 2410 2411 2017 1304 1302 1301 783 2678 4205 2677 2679 3878 3879 4212 4327 4078 4330 4243 4083 4082 4084 4085 4086,1358.7740000000001
24,24 2633 2632 2630 2629 2627 2641 2640 2639 2439 2592 2591 3756 3755 3754 2596 3532 3531 3524 3522 2234 1462 476 471 2670 2050 817 831 1664 3547 3546 3543 669 1961,3044.055
4191,4191 3416 3417 3535 3177 3533 3097 3096 2406 3413 2020 1304 1302 1301 783 2678 4205 2677 2679 3878 3879 4212 4327 4078 4330 4243 4083 4082 4084 4085 4086,1611.5990000000002
1016,1016 2564 2540 2561 2138 2139 3532 3531 3524 3522 2234 1462 476 471 2670 2050 817 831 1664 3547 3546 3543 669 1961,1777.401
2107,2107 2106 1609 1758 2408 2410 2411 2017 1304 1302 1301 783 2678 4205 2677 2679 3878 3879 4212 4327 4078 4330 4243 4083 4082 4084 4085 4086,1444.6620000000003
3115,3115 4155 3118 2667 2670 2050 817 831 1664 3547 3546 3543 669 1961,1235.831
3060,3060 2403 3308 3314 3307 3046 1816 1817 2348 3459 3461 4105 4365 4366 4367 3762 3759 3764 3758 4296 1821,1202.609
4215,4215 3942 3888 1620 2402 3734 3736 3737 2202 2204 2207 2212 4073 4074 4075 4161 4424 4423,1034.13
754,754 3502 3499 3497 3629 3492 3491 2301 3632 3631 3630 2044 2045 2046 2048 3633 2240 2232 2234 1462 476 471 2670 2050 817 831 1664 3547 3546 3543 669 1961,1919.186
1568,1568 779 2818 3946 2817 3948 3440 3441 3225 3226 3772 4089 4100 3800 3386 3387 3388 2420 3015 3014 3012 2343 3766 3768 3765 3324 3761 3759 3764 3758 4296 1821,1815.3239999999996
2274,2274 3134 4163 4165 4166 2425 2937 4146 4147 4148 3607 3609 4013 4011 4014 3508 4002 4317 4318 4319 1928 3507 2022 3598 3597,1635.993
2898,2898 4023 4026 4024 3247 3646 3645 3647 3092 2869 2189 2183 3089 3088 3086,1080.705
3262,3262 3265 2084 2905 2906 3241 3242 3243 2067 3244 3245 3246 2933 3647 3092 2869 2189 2183 3089 3088 3086,1105.019
3554,3554 2983 2984 4085 4086,177.047
3981,3981 4238 3985 3987 3176 4138 4139 3412 3413 2020 1304 1302 1301 783 2678 4205 2677 2679 3878 3879 4212 4327 4078 4330 4243 4083 4082 4084 4085 4086,1798.112
3485,3485 3487 4187 4188 4189 3163 3167 3164 1962 1957 1961,792.504
1847,1847 3856 1650 3430 2359 3443 1814 1859 2944 2943 4294 4292 4295 3450 3438 2972 4091 2986 2987 4092 3316 3314 3307 3046 1816 1817 2348 3459 3461 4105 4365 4366 4367 3762 3759 3764 3758 4296 1821,2099.0429999999997
3511,3511 4219 4035 2021 2022 3598 3597,343.983
2639,2639 2439 2592 2591 3756 3755 3754 2596 3532 3531 3524 3522 2234 1462 476 471 2670 2050 817 831 1664 3547 3546 3543 669 1961,2250.7360000000003
2314,2314 2351 3255 3256 4239 4240 4191 3416 3417 3535 3177 3533 3097 3096 2406 3413 2020 1304 1302 1301 783 2678 4205 2677 2679 3878 3879 4212 4327 4078 4330 4243 4083 4082 4084 4085 4086,1937.1339999999998
3815,3815 3232 3229 4135 4132 4136 3234 1566 2831 2830 2832 2833 2834 1869 2134 1612 1498 3309 3046 1816 1817 2348 3459 3461 4105 4365 4366 4367 3762 3759 3764 3758 4296 1821,2482.4280000000003
1649,1649 1656 3349 2971 3206 2695,359.977
2368,2368 2369 3789 4375 4129 4130 3056 4140 4141 3299 3297 1730,651.7669999999999
3162,3162 2059 4059 4055 4271 1764 3638 3639 3640 2995 3637 2916 4038 2917 3556 3557 3558 348,1132.556
2008,2008 2856 2305 2859 2304 3537 1758 2408 2410 2411 2017 1304 1302 1301 783 2678 4205 2677 2679 3878 3879 4212 4327 4078 4330 4243 4083 4082 4084 4085 4086,1589.3620000000003
3624,3624 2295 3623 3622 3620 2925 2924 2857 2855 2859 2304 3537 1758 2408 2410 2411 2017 1304 1302 1301 783 2678 4205 2677 2679 3878 3879 4212 4327 4078 4330 4243 4083 4082 4084 4085 4086,1832.8650000000002
2813,2813 2816 2802 2842 3323 4269 4270 4341 4342 3368 3367 2734 3477 3478 3481 3287 3288,953.5630000000001
3986,3986 3175 3535 3177 3533 3097 3096 2406 3413 2020 1304 1302 1301 783 2678 4205 2677 2679 3878 3879 4212 4327 4078 4330 4243 4083 4082 4084 4085 4086,1598.4950000000001
1573,1573 3092 2869 2189 2183 3089 3088 3086,364.99699999999996
4166,4166 2425 2937 4146 4147 4148 3607 3609 4013 4011 4014 3508 4002 4317 4318 4319 1928 3507 2022 3598 3597,1273.1200000000001
229,229 228 1249 2657 2661 1446 1456 482 1500 1502 2790 1496 817 831 1664 3547 3546 3543 669 1961,1517.9479999999996
1783,1783 1537 3883 3884 3885 4215 3942 3888 1620 2402 3734 3736 3737 2202 2204 2207 2212 4073 4074 4075 4161 4424 4423,1344.1789999999994
880,880 2438 2439 2592 2591 3756 3755 3754 2596 3532 3531 3524 3522 2234 1462 476 471 2670 2050 817 831 1664 3547 3546 3543 669 1961,2254.704
3217,3217 3219 2861 2369 3789 4375 4129 4130 3056 4140 4141 3299 3297 1730,836.0869999999999
4452,4452 2845 3192 3197 2821 1529 1420 1419 1603 2952 3776 3774 3777 3409 3112 2949,1224.7440000000001
1039,1039 2585 1041 1042 2591 3756 3755 3754 2596 3532 3531 3524 3522 2234 1462 476 471 2670 2050 817 831 1664 3547 3546 3543 669 1961,2197.607
100,100 2782 3852 3850 3783 4335 4333 4336 2354 1915 3346 4350 4348 4347 3601,916.2639999999999
4296,4296 1821,145.043
1476,1476 1479 1482 1484 468 1060 1058 1395 76,914.511
1344,1344 1381 1383 1384 1393 1395 76,376.51900000000006
4381,4381 4383 2712 3278 4040 3556 3557 3558 348,438.587
1987,1987 1988 2861 2369 3789 4375 4129 4130 3056 4140 4141 3299 3297 1730,821.3569999999999
4414,4414 4465 4464 4051 4223 4171 4172 1818 1759 2421 1872 4235 4236 4237 3254 2245 2244 3758 4296 1821,1428.592
2827,2827 2843 2844 3192 3197 2821 1529 1420 1419 1603 2952 3776 3774 3777 3409 3112 2949,1364.31
1861,1861 3447 3448 3449 1865 1869 2134 1612 1498 3309 3046 1816 1817 2348 3459 3461 4105 4365 4366 4367 3762 3759 3764 3758 4296 1821,1616.5199999999995
2195,2195 2183 3089 3088 3086,308.455
468,468 1060 1058 1395 76,474.773
1439,1439 2772 3777 3409 3112 2949,429.863
2203,2203 2205 2206 3066 2212 4073 4074 4075 4161 4424 4423,644.192
980,980 1201 1200 1092 2598 2599 2602 2604 2495 2496 2498 1395 76,1431.3220000000003
1988,1988 2861 2369 3789 4375 4129 4130 3056 4140 4141 3299 3297 1730,746.782
4107,4107 4108 3564 3482 3483 3474 3475 3478 3481 3287 3288,604.875
2875,2875 2903 4028 2922 3912 3913 3289 3290 3350 3347 2689 1879 1880 1589 3200 3201,745.6080000000001
11,11 23 24 2633 2632 2630 2629 2627 2641 2640 2639 2439 2592 2591 3756 3755 3754 2596 3532 3531 3524 3522 2234 1462 476 471 2670 2050 817 831 1664 3547 3546 3543 669 1961,3443.859
1164,1164 1173 1166 2629 2627 2641 2640 2639 2439 2592 2591 3756 3755 3754 2596 3532 3531 3524 3522 2234 1462 476 471 2670 2050 817 831 1664 3547 3546 3543 669 1961,2829.1609999999996
3997,3997 3344 4314 4312 4315 3511 4219 4035 2021 2022 3598 3597,756.711
1233,1233 3571 2649 2226 2227 2230 3565 2129 3479 4077 1890 4422 4423,659.2180000000001
2270,2270 3160 3612 4354 4353 4356 3106 4154 2919 4447 4435 4475 4430 4431 1593 4383 2712 3278 4040 3556 3557 3558 348,1366.4050000000002
1603,1603 2952 3776 3774 3777 3409 3112 2949,582.5920000000001
3638,3638 3639 3640 2995 3637 2916 4038 2917 3556 3557 3558 348,742.325
1419,1419 1603 2952 3776 3774 3777 3409 3112 2949,701.023
3579,3579 3873 1995 3868 4386 4394 4395 4396 3872 3850 3783 4335 4333 4336 2354 1915 3346 4350 4348 4347 3601,1416.2410000000002
3452,3452 3451 2788 2783 1270 1199 3408 3405 4303 4301 4297 4296 1821,1481.9880000000003
554,554 1771 1896 1780 1781 1777 1578 1726 1727 590 2196 2197 1943 1944 1946 1947,868.0269999999998
3281,3281 1688 1687 1696 2345 2348 3459 3461 4105 4365 4366 4367 3762 3759 3764 3758 4296 1821,992.5129999999999
53,53 54 57 1049 2633 2632 2630 2629 2627 2641 2640 2639 2439 2592 2591 3756 3755 3754 2596 3532 3531 3524 3522 2234 1462 476 471 2670 2050 817 831 1664 3547 3546 3543 669 1961,3611.7110000000007
3754,3754 2596 3532 3531 3524 3522 2234 1462 476 471 2670 2050 817 831 1664 3547 3546 3543 669 1961,1624.73
1142,1142 1163 1164 1173 1166 2629 2627 2641 2640 2639 2439 2592 2591 3756 3755 3754 2596 3532 3531 3524 3522 2234 1462 476 471 2670 2050 817 831 1664 3547 3546 3543 669 1961,3114.3340000000003
1752,1752 2710 2707 2706 2705 3558 348,304.146
4297,4297 4296 1821,288.539
7,7 10 1052 1049 2633 2632 2630 2629 2627 2641 2640 2639 2439 2592 2591 3756 3755 3754 2596 3532 3531 3524 3522 2234 1462 476 471 2670 2050 817 831 1664 3547 3546 3543 669 1961,3575.198
4214,4214 4216 3941 1620 2402 3734 3736 3737 2202 2204 2207 2212 4073 4074 4075 4161 4424 4423,1045.922
574,574 1880 1589 3200 3201,299.258
3786,3786 4335 4333 4336 2354 1915 3346 4350 4348 4347 3601,652.0630000000001
4076,4076 2930 4075 4161 4424 4423,301.1039999999999
3881,3881 3880 3719 3717 2424 3519 2235 3635 3634 3633 2240 2232 2234 1462 476 471 2670 2050 817 831 1664 3547 3546 3543 669 1961,1835.933
3691,3691 3627 3628 3619 2303 3109 2924 2857 2855 2859 2304 3537 1758 2408 2410 2411 2017 1304 1302 1301 783 2678 4205 2677 2679 3878 3879 4212 4327 4078 4330 4243 4083 4082 4084 4085 4086,2097.6580000000004
704,704 716,9.917
4276,4276 4279 4401 4403 3992 3993 4442 4048 4031 4029 4032 2921 2808 3678 2890 1889 1887 2090 2971 3206 2695,1138.851
3127,3127 3128 4034 4035 2021 2022 3598 3597,395.21200000000005
2207,2207 2212 4073 4074 4075 4161 4424 4423,594.934
3988,3988 3989 3990 3297 1730,262.068
3105,3105 4043 4044 4045 3791 4012 2105 2103 2104 2098 2097 2100 2099 1928 3507 2022 3598 3597,944.0199999999999
2572,2572 2580 2471 2476 2478 2664 2800 2463 2513 2373 2376 2375 3796 3795 995 1065 1001,1134.384
3879,3879 4212 4327 4078 4330 4243 4083 4082 4084 4085 4086,661.023
4005,4005 4323 4321 4324 3215 4221 3507 2022 3598 3597,505.5250000000001
2307,2307 1949 1948 3258 2872 4017 4018 4019 4072 3268 3266 2056 3636 4059 4055 4271 1764 3638 3639 3640 2995 3637 2916 4038 2917 3556 3557 3558 348,1726.322
688,688 689 3510 3509 4316 4318 4319 1928 3507 2022 3598 3597,470.208
2888,2888 2608 4389 2610 2782 3852 3850 3783 4335 4333 4336 2354 1915 3346 4350 4348 4347 3601,969.809
3853,3853 4288 4289 4290 3999 3846 3847 4005 4323 4321 4324 3215 4221 3507 2022 3598 3597,988.7859999999998
1358,1358 2707 2706 2705 3558 348,250.25100000000003
1041,1041 1042 2591 3756 3755 3754 2596 3532 3531 3524 3522 2234 1462 476 471 2670 2050 817 831 1664 3547 3546 3543 669 1961,2049.412
4201,4201 4205 2677 2679 3878 3879 4212 4327 4078 4330 4243 4083 4082 4084 4085 4086,942.757
3068,3068 2927 2928 2930 4075 4161 4424 4423,467.4580000000001
2862,2862 3219 2861 2369 3789 4375 4129 4130 3056 4140 4141 3299 3297 1730,920.7420000000001
3063,3063 3233 3062 4131 3235 4136 3234 1566 2831 2830 2832 2833 2834 1869 2134 1612 1498 3309 3046 1816 1817 2348 3459 3461 4105 4365 4366 4367 3762 3759 3764 3758 4296 1821,2476.9040000000005
3236,3236 3004 3005 3239 2073 2941 3351 3352 3353 3093 1712 3090 3089 3088 3086,733.124
1896,1896 1780 1781 1777 1578 1726 1727 590 2196 2197 1943 1944 1946 1947,732.986
3369,3369 3368 3367 2734 3477 3478 3481 3287 3288,417.34499999999997
4019,4019 4072 3268 3266 2056 3636 4059 4055 4271 1764 3638 3639 3640 2995 3637 2916 4038 2917 3556 3557 3558 348,1300.3380000000002
271,271 100 2782 3852 3850 3783 4335 4333 4336 2354 1915 3346 4350 4348 4347 3601,922.1759999999999
3240,3240 3657 3236 3004 3005 3239 2073 2941 3351 3352 3353 3093 1712 3090 3089 3088 3086,796.519
1813,1813 1548 1568 779 2818 3946 2817 3948 3440 3441 3225 3226 3772 4089 4100 3800 3386 3387 3388 2420 3015 3014 3012 2343 3766 3768 3765 3324 3761 3759 3764 3758 4296 1821,1873.9169999999995
2740,2740 1343 1341 2500 2498 1395 76,392.92
3517,3517 3586 3587 3584 3585 1839 2979 2107 2106 1609 1758 2408 2410 2411 2017 1304 1302 1301 783 2678 4205 2677 2679 3878 3879 4212 4327 4078 4330 4243 4083 4082 4084 4085 4086,1697.2440000000001
3338,3338 1761 3104 3340 4450 4448 4472 4473 4474 4036 2918 3278 4040 3556 3557 3558 348,973.9979999999999
3628,3628 3619 2303 3109 2924 2857 2855 2859 2304 3537 1758 2408 2410 2411 2017 1304 1302 1301 783 2678 4205 2677 2679 3878 3879 4212 4327 4078 4330 4243 4083 4082 4084 4085 4086,1905.7140000000002
4272,4272 3339 3341 4062 3639 3640 2995 3637 2916 4038 2917 3556 3557 3558 348,934.8
4378,4378 3561 1969 3288,202.222
4154,4154 2919 4447 4435 4475 4430 4431 1593 4383 2712 3278 4040 3556 3557 3558 348,861.737
3963,3963 3418 3536 3533 3097 3096 2406 3413 2020 1304 1302 1301 783 2678 4205 2677 2679 3878 3879 4212 4327 4078 4330 4243 4083 4082 4084 4085 4086,1477.1900000000003
2059,2059 4059 4055 4271 1764 3638 3639 3640 2995 3637 2916 4038 2917 3556 3557 3558 348,1079.669
3570,3570 1991 3565 2129 3479 4077 1890 4422 4423,616.83
3809,3809 3810 3307 3046 1816 1817 2348 3459 3461 4105 4365 4366 4367 3762 3759 3764 3758 4296 1821,1090.463
4319,4319 1928 3507 2022 3598 3597,235.39899999999997
2143,2143 2041 2040 2039 2036 2037 3109 2924 2857 2855 2859 2304 3537 1758 2408 2410 2411 2017 1304 1302 1301 783 2678 4205 2677 2679 3878 3879 4212 4327 4078 4330 4243 4083 4082 4084 4085 4086,2007.3270000000002
3094,3094 3095 3100 2109 2110 2111 1934 2981 3680 3679 2408 2410 2411 2017 1304 1302 1301 783 2678 4205 2677 2679 3878 3879 4212 4327 4078 4330 4243 4083 4082 4084 4085 4086,1736.352
1284,1284 3594 3595 3596 2019 1104 2678 4205 2677 2679 3878 3879 4212 4327 4078 4330 4243 4083 4082 4084 4085 4086,1242.3080000000002
2859,2859 2304 3537 1758 2408 2410 2411 2017 1304 1302 1301 783 2678 4205 2677 2679 3878 3879 4212 4327 4078 4330 4243 4083 4082 4084 4085 4086,1447.6050000000002
1885,1885 1887 2090 2971 3206 2695,294.55600000000004
3371,3371 3934 3961 3958 3962 4284 4106 4107 4108 3564 3482 3483 3474 3475 3478 3481 3287 3288,1303.7699999999998
3270,3270 2985 4245 4082 4084 4085 4086,228.893
2221,2221 2593 2596 3532 3531 3524 3522 2234 1462 476 471 2670 2050 817 831 1664 3547 3546 3543 669 1961,1664.356
1749,1749 1746 1748,149.131
1031,1031 1034 1033 34 36 37 1253 2664 2800 2463 2513 2373 2376 2375 3796 3795 995 1065 1001,1120.096
1334,1334 1340 2517 2519 2521 2638 450 447 444 441 439 435 431 428 423 1466 1467 3857 3858 3859 2622 2757 2756 2755 2742 2741 2740 1343 1341 2500 2498 1395 76,3532.0849999999996
160,160 1061 1065 1001,188.627
4022,4022 4021 4027 3648 3645 3647 3092 2869 2189 2183 3089 3088 3086,1063.852
4244,4244 4242 4245 4082 4084 4085 4086,381.67499999999995
3475,3475 3478 3481 3287 3288,319.27299999999997
2385,2385 2381 2653 2657 2661 1446 1456 482 1500 1502 2790 1496 817 831 1664 3547 3546 3543 669 1961,1578.184
4063,4063 1948 3258 2872 4017 4018 4019 4072 3268 3266 2056 3636 4059 4055 4271 1764 3638 3639 3640 2995 3637 2916 4038 2917 3556 3557 3558 348,1766.824
3184,3184 1688 1687 1696 2345 2348 3459 3461 4105 4365 4366 4367 3762 3759 3764 3758 4296 1821,992.893
2023,2023 3600 4347 3601,138.201
3724,3724 4362 2847 2805 3938 3939 3940 3673 702 704 716,748.34
3582,3582 3681 3680 3679 2408 2410 2411 2017 1304 1302 1301 783 2678 4205 2677 2679 3878 3879 4212 4327 4078 4330 4243 4083 4082 4084 4085 4086,1520.1730000000002
2418,2418 2417 2738 3898 3903 2758 3926 4404 3921 2756 2755 2742 2741 2740 1343 1341 2500 2498 1395 76,1338.7759999999998
4176,4176 4175 2774 3838 639,304.63100000000003
2042,2042 3629 3492 3491 2301 3632 3631 3630 2044 2045 2046 2048 3633 2240 2232 2234 1462 476 471 2670 2050 817 831 1664 3547 3546 3543 669 1961,1856.687
4045,4045 3791 4012 2105 2103 2104 2098 2097 2100 2099 1928 3507 2022 3598 3597,765.2659999999998
3588,3588 3589 3590 3591 2018 1300 4200 2678 4205 2677 2679 3878 3879 4212 4327 4078 4330 4243 4083 4082 4084 4085 4086,1323.5470000000003
2309,2309 2307 1949 1948 3258 2872 4017 4018 4019 4072 3268 3266 2056 3636 4059 4055 4271 1764 3638 3639 3640 2995 3637 2916 4038 2917 3556 3557 3558 348,1850.69
2365,2365 2944 2943 4294 4292 4295 3450 3438 2972 4091 2986 2987 4092 3316 3314 3307 3046 1816 1817 2348 3459 3461 4105 4365 4366 4367 3762 3759 3764 3758 4296 1821,1790.2709999999997
2613,2613 2609 2608 4389 2610 2782 3852 3850 3783 4335 4333 4336 2354 1915 3346 4350 4348 4347 3601,1025.78
2231,2231 2232 2234 1462 476 471 2670 2050 817 831 1664 3547 3546 3543 669 1961,1310.1589999999997
3966,3966 3972 3975 3976 3578 3937 3961 3958 3962 4284 4106 4107 4108 3564 3482 3483 3474 3475 3478 3481 3287 3288,1542.172
2048,2048 3633 2240 2232 2234 1462 476 471 2670 2050 817 831 1664 3547 3546 3543 669 1961,1405.546
4216,4216 3941 1620 2402 3734 3736 3737 2202 2204 2207 2212 4073 4074 4075 4161 4424 4423,939.6610000000002
3595,3595 3596 2019 1104 2678 4205 2677 2679 3878 3879 4212 4327 4078 4330 4243 4083 4082 4084 4085 4086,1202.5490000000002
1251,1251 1253 2664 2800 2463 2513 2373 2376 2375 3796 3795 995 1065 1001,869.809
4289,4289 4290 3999 3846 3847 4005 4323 4321 4324 3215 4221 3507 2022 3598 3597,875.847
2141,2141 2095 2158 2159 2160 2157 3715 3716 3524 3522 2234 1462 476 471 2670 2050 817 831 1664 3547 3546 3543 669 1961,1798.6979999999999
1245,1245 1239 3415 3965 3964 3963 3418 3536 3533 3097 3096 2406 3413 2020 1304 1302 1301 783 2678 4205 2677 2679 3878 3879 4212 4327 4078 4330 4243 4083 4082 4084 4085 4086,1797.055
4404,4404 3921 2756 2755 2742 2741 2740 1343 1341 2500 2498 1395 76,736.3269999999999
1274,1274 1272 1199 3408 3405 4303 4301 4297 4296 1821,956.7270000000001
4135,4135 4132 4136 3234 1566 2831 2830 2832 2833 2834 1869 2134 1612 1498 3309 3046 1816 1817 2348 3459 3461 4105 4365 4366 4367 3762 3759 3764 3758 4296 1821,2294.108
788,788 1731 1735 3227 4052 4222 3389 3392 3253 3387 3388 2420 3015 3014 3012 2343 3766 3768 3765 3324 3761 3759 3764 3758 4296 1821,1488.0529999999994
4212,4212 4327 4078 4330 4243 4083 4082 4084 4085 4086,579.847
1304,1304 1302 1301 783 2678 4205 2677 2679 3878 3879 4212 4327 4078 4330 4243 4083 4082 4084 4085 4086,1193.9520000000002
158,158 1184 1182 1198 2640 2639 2439 2592 2591 3756 3755 3754 2596 3532 3531 3524 3522 2234 1462 476 471 2670 2050 817 831 1664 3547 3546 3543 669 1961,2654.6679999999997
3344,3344 4314 4312 4315 3511 4219 4035 2021 2022 3598 3597,636.192
2484,2484 2479 43 47 52,688.029
3836,3836 4232 3838 639,310.82800000000003
2882,2882 2888 2608 4389 2610 2782 3852 3850 3783 4335 4333 4336 2354 1915 3346 4350 4348 4347 3601,1089.52
1766,1766 1649 1656 3349 2971 3206 2695,400.563
3189,3189 3190 4000 4317 4318 4319 1928 3507 2022 3598 3597,479.90600000000006
1104,1104 2678 4205 2677 2679 3878 3879 4212 4327 4078 4330 4243 4083 4082 4084 4085 4086,967.967
3126,3126 2940 4349 4348 4347 3601,196.22
2864,2864 3870 3872 3850 3783 4335 4333 4336 2354 1915 3346 4350 4348 4347 3601,869.789
3918,3918 3917 3919 3923 3929 4406 3920 2743 2691 2692 2729 3911 3912 3913 3289 3290 3350 3347 2689 1879 1880 1589 3200 3201,1148.5120000000002
2533,2533 2532 1141 1340 2517 2519 2521 2638 450 447 444 441 439 435 431 428 423 1466 1467 3857 3858 3859 2622 2757 2756 2755 2742 2741 2740 1343 1341 2500 2498 1395 76,3769.026999999999
3181,3181 1828 3096 2406 3413 2020 1304 1302 1301 783 2678 4205 2677 2679 3878 3879 4212 4327 4078 4330 4243 4083 4082 4084 4085 4086,1402.4460000000001
4385,4385 2608 4389 2610 2782 3852 3850 3783 4335 4333 4336 2354 1915 3346 4350 4348 4347 3601,1021.0509999999999
3983,3983 4018 4019 4072 3268 3266 2056 3636 4059 4055 4271 1764 3638 3639 3640 2995 3637 2916 4038 2917 3556 3557 3558 348,1486.3860000000002
4195,4195 1795 3382 1529 1420 1419 1603 2952 3776 3774 3777 3409 3112 2949,1113.988
1851,1851 3437 3431 3432 1847 3856 1650 3430 2359 3443 1814 1859 2944 2943 4294 4292 4295 3450 3438 2972 4091 2986 2987 4092 3316 3314 3307 3046 1816 1817 2348 3459 3461 4105 4365 4366 4367 3762 3759 3764 3758 4296 1821,2380.081
3766,3766 3768 3765 3324 3761 3759 3764 3758 4296 1821,490.36300000000006
2362,2362 2363 2364 1861 3447 3448 3449 1865 1869 2134 1612 1498 3309 3046 1816 1817 2348 3459 3461 4105 4365 4366 4367 3762 3759 3764 3758 4296 1821,1797.342
3447,3447 3448 3449 1865 1869 2134 1612 1498 3309 3046 1816 1817 2348 3459 3461 4105 4365 4366 4367 3762 3759 3764 3758 4296 1821,1556.502
3494,3494 3499 3497 3629 3492 3491 2301 3632 3631 3630 2044 2045 2046 2048 3633 2240 2232 2234 1462 476 471 2670 2050 817 831 1664 3547 3546 3543 669 1961,1934.234
1696,1696 2345 2348 3459 3461 4105 4365 4366 4367 3762 3759 3764 3758 4296 1821,925.988
4228,4228 4226 4224 3391 3390 3388 2420 3015 3014 3012 2343 3766 3768 3765 3324 3761 3759 3764 3758 4296 1821,1251.5749999999998
4408,4408 3922 2756 2755 2742 2741 2740 1343 1341 2500 2498 1395 76,670.0479999999999
1869,1869 2134 1612 1498 3309 3046 1816 1817 2348 3459 3461 4105 4365 4366 4367 3762 3759 3764 3758 4296 1821,1328.4319999999998
2706,2706 2705 3558 348,188.83
4231,4231 4232 3838 639,305.91
2426,2426 2425 2937 4146 4147 4148 3607 3609 4013 4011 4014 3508 4002 4317 4318 4319 1928 3507 2022 3598 3597,1213.8000000000002
4424,4424 4423,45.196
1628,1628 1630 3007 3008 3649 3650 2074 2079 2080 3249 3250 3251 1711 1751 1749 1746 1748,751.9269999999999
2902,2902 4161 4424 4423,196.344
2317,2317 2307 1949 1948 3258 2872 4017 4018 4019 4072 3268 3266 2056 3636 4059 4055 4271 1764 3638 3639 3640 2995 3637 2916 4038 2917 3556 3557 3558 348,1741.301
4460,4460 4461 4337 4338 3580 3291 3292 3296 3297 1730,737.738
1859,1859 2944 2943 4294 4292 4295 3450 3438 2972 4091 2986 2987 4092 3316 3314 3307 3046 1816 1817 2348 3459 3461 4105 4365 4366 4367 3762 3759 3764 3758 4296 1821,1790.0189999999998
2179,2179 716,174.869
1876,1876 2329 2330 3355 3867 3865 3863 2702 2701 3727 4050 4444 4008 3996 2936 2264 782 458 1508 344 3677 2852 2092 2093 2694 3206 2695,1158.2090000000003
4341,4341 4342 3368 3367 2734 3477 3478 3481 3287 3288,506.97499999999997
2,2 3 4 7 10 1052 1049 2633 2632 2630 2629 2627 2641 2640 2639 2439 2592 2591 3756 3755 3754 2596 3532 3531 3524 3522 2234 1462 476 471 2670 2050 817 831 1664 3547 3546 3543 669 1961,4174.905
3651,3651 2077 2078 1787 1746 1748,523.04
4393,4393 3849 2864 3870 3872 3850 3783 4335 4333 4336 2354 1915 3346 4350 4348 4347 3601,1115.264
3319,3319 3320 3555 3554 2983 2984 4085 4086,269.474
4304,4304 4305 4306 2931 3743 3481 3287 3288,366.269
860,860 863 2627 2641 2640 2639 2439 2592 2591 3756 3755 3754 2596 3532 3531 3524 3522 2234 1462 476 471 2670 2050 817 831 1664 3547 3546 3543 669 1961,2767.1189999999997
1569,1569 2837 3945 4421 3944 4418 3947 3227 4052 4222 3389 3392 3253 3387 3388 2420 3015 3014 3012 2343 3766 3768 3765 3324 3761 3759 3764 3758 4296 1821,1846.9549999999995
3366,3366 4110 3368 3367 2734 3477 3478 3481 3287 3288,537.004
3486,3486 3286 4266 4267 4268 3548 2252 3169 3543 669 1961,757.512
3160,3160 3612 4354 4353 4356 3106 4154 2919 4447 4435 4475 4430 4431 1593 4383 2712 3278 4040 3556 3557 3558 348,1256.8410000000001
1914,1914 3717 2424 3519 2235 3635 3634 3633 2240 2232 2234 1462 476 471 2670 2050 817 831 1664 3547 3546 3543 669 1961,1731.311
3394,3394 3396 3401 3402 3538 1944 1946 1947,512.731
4074,4074 4075 4161 4424 4423,248.736
3025,3025 3032 4111 4257 4258 4246 4247 4368 3778 4355 4353 4356 3106 4154 2919 4447 4435 4475 4430 4431 1593 4383 2712 3278 4040 3556 3557 3558 348,1786.9030000000002
3846,3846 3847 4005 4323 4321 4324 3215 4221 3507 2022 3598 3597,597.4250000000001
228,228 1249 2657 2661 1446 1456 482 1500 1502 2790 1496 817 831 1664 3547 3546 3543 669 1961,1491.1209999999996
719,719 3073 2198 2901 4162 4424 4423,361.08000000000004
3425,3425 3831 2617 2607 3216 3217 3219 2861 2369 3789 4375 4129 4130 3056 4140 4141 3299 3297 1730,1237.7079999999999
1127,1127 1116 1118 2687 2688 527 1527 489 3883 3884 3885 4215 3942 3888 1620 2402 3734 3736 3737 2202 2204 2207 2212 4073 4074 4075 4161 4424 4423,1421.9519999999995
1340,1340 2517 2519 2521 2638 450 447 444 441 439 435 431 428 423 1466 1467 3857 3858 3859 2622 2757 2756 2755 2742 2741 2740 1343 1341 2500 2498 1395 76,3501.8879999999995
3748,3748 3749 3750 4079 4080 4244 4242 4245 4082 4084 4085 4086,738.4749999999999
2099,2099 1928 3507 2022 3598 3597,226.74999999999997
143,143 1159 1164 1173 1166 2629 2627 2641 2640 2639 2439 2592 2591 3756 3755 3754 2596 3532 3531 3524 3522 2234 1462 476 471 2670 2050 817 831 1664 3547 3546 3543 669 1961,2895.807
4270,4270 4341 4342 3368 3367 2734 3477 3478 3481 3287 3288,594.1569999999999
2926,2926 2009 2008 2856 2305 2859 2304 3537 1758 2408 2410 2411 2017 1304 1302 1301 783 2678 4205 2677 2679 3878 3879 4212 4327 4078 4330 4243 4083 4082 4084 4085 4086,1707.7290000000003
2349,2349 2350 3981 4238 3985 3987 3176 4138 4139 3412 3413 2020 1304 1302 1301 783 2678 4205 2677 2679 3878 3879 4212 4327 4078 4330 4243 4083 4082 4084 4085 4086,1959.118
3553,3553 1956 3164 1962 1957 1961,491.048
2306,2306 2106 1609 1758 2408 2410 2411 2017 1304 1302 1301 783 2678 4205 2677 2679 3878 3879 4212 4327 4078 4330 4243 4083 4082 4084 4085 4086,1455.1970000000001
4472,4472 4473 4474 4036 2918 3278 4040 3556 3557 3558 348,574.74
1984,1984 1983 3936 2802 2842 3323 4269 4270 4341 4342 3368 3367 2734 3477 3478 3481 3287 3288,1130.705
2540,2540 2561 2138 2139 3532 3531 3524 3522 2234 1462 476 471 2670 2050 817 831 1664 3547 3546 3543 669 1961,1708.501
2757,2757 2756 2755 2742 2741 2740 1343 1341 2500 2498 1395 76,695.4999999999999
2567,2567 2572 2580 2471 2476 2478 2664 2800 2463 2513 2373 2376 2375 3796 3795 995 1065 1001,1158.024
1393,1393 1395 76,282.284
982,982 1276 2673 2674 2375 3796 3795 995 1065 1001,460.692
3948,3948 3440 3441 3225 3226 3772 4089 4100 3800 3386 3387 3388 2420 3015 3014 3012 2343 3766 3768 3765 3324 3761 3759 3764 3758 4296 1821,1650.4209999999998
3384,3384 4087 4090 4088 4098 4100 3800 3386 3387 3388 2420 3015 3014 3012 2343 3766 3768 3765 3324 3761 3759 3764 3758 4296 1821,1338.8149999999996
3683,3683 3951 3949 4213 3943 3195 2750 2753 2754 2893 745 2258 2952 3776 3774 3777 3409 3112 2949,1282.5469999999998
2680,2680 2681 2682 3595 3596 2019 1104 2678 4205 2677 2679 3878 3879 4212 4327 4078 4330 4243 4083 4082 4084 4085 4086,1325.1660000000002
1816,1816 1817 2348 3459 3461 4105 4365 4366 4367 3762 3759 3764 3758 4296 1821,864.3520000000001
3602,3602 3604 3302 3189 3190 4000 4317 4318 4319 1928 3507 2022 3598 3597,721.632
2978,2978 2908 3173 3839 2912 2938 4146 4147 4148 3607 3609 4013 4011 4014 3508 4002 4317 4318 4319 1928 3507 2022 3598 3597,1532.116
2856,2856 2305 2859 2304 3537 1758 2408 2410 2411 2017 1304 1302 1301 783 2678 4205 2677 2679 3878 3879 4212 4327 4078 4330 4243 4083 4082 4084 4085 4086,1538.7330000000002
2479,2479 43 47 52,488.12800000000004
3492,3492 3491 2301 3632 3631 3630 2044 2045 2046 2048 3633 2240 2232 2234 1462 476 471 2670 2050 817 831 1664 3547 3546 3543 669 1961,1746.966
4131,4131 3235 4136 3234 1566 2831 2830 2832 2833 2834 1869 2134 1612 1498 3309 3046 1816 1817 2348 3459 3461 4105 4365 4366 4367 3762 3759 3764 3758 4296 1821,2298.562
2977,2977 2672 2884 2882 2888 2608 4389 2610 2782 3852 3850 3783 4335 4333 4336 2354 1915 3346 4350 4348 4347 3601,1366.709
1974,1974 4304 4305 4306 2931 3743 3481 3287 3288,438.172
2839,2839 2368 2369 3789 4375 4129 4130 3056 4140 4141 3299 3297 1730,727.0210000000001
2142,2142 2094 2153 2162 2161 3716 3524 3522 2234 1462 476 471 2670 2050 817 831 1664 3547 3546 3543 669 1961,1820.729
3574,3574 3345 2023 3600 4347 3601,213.21400000000003
1687,1687 1696 2345 2348 3459 3461 4105 4365 4366 4367 3762 3759 3764 3758 4296 1821,935.204
3378,3378 3379 3380 1769 1717 623 2897 4025 2068 3248 3646 3645 3647 3092 2869 2189 2183 3089 3088 3086,1295.072
3842,3842 1494 3301 3602 3604 3302 3189 3190 4000 4317 4318 4319 1928 3507 2022 3598 3597,819.0039999999999
2867,2867 3977 2868 3371 3934 3961 3958 3962 4284 4106 4107 4108 3564 3482 3483 3474 3475 3478 3481 3287 3288,1504.372
4323,4323 4321 4324 3215 4221 3507 2022 3598 3597,440.927
4049,4049 3727 4050 4444 4008 3996 2936 2264 782 458 1508 344 3677 2852 2092 2093 2694 3206 2695,737.268
57,57 1049 2633 2632 2630 2629 2627 2641 2640 2639 2439 2592 2591 3756 3755 3754 2596 3532 3531 3524 3522 2234 1462 476 471 2670 2050 817 831 1664 3547 3546 3543 669 1961,3211.9069999999997
3627,3627 3628 3619 2303 3109 2924 2857 2855 2859 2304 3537 1758 2408 2410 2411 2017 1304 1302 1301 783 2678 4205 2677 2679 3878 3879 4212 4327 4078 4330 4243 4083 4082 4084 4085 4086,1981.909
2082,2082 2083 3658 2169 3006 3007 3008 3649 3650 2074 2079 2080 3249 3250 3251 1711 1751 1749 1746 1748,923.58
3706,3706 3694 3695 2255 2423 3882 3880 3719 3717 2424 3519 2235 3635 3634 3633 2240 2232 2234 1462 476 471 2670 2050 817 831 1664 3547 3546 3543 669 1961,2148.839
4141,4141 3299 3297 1730,183.611
3905,3905 2419 3914 2732 3916 2749 3930 4407 4405 4404 3921 2756 2755 2742 2741 2740 1343 1341 2500 2498 1395 76,1477.828
4425,4425 4459 4466 4467 4468 4196 4194 4169 4453 4456 4454 3153 2534 3836 4232 3838 639,1413.9560000000001
3859,3859 2622 2757 2756 2755 2742 2741 2740 1343 1341 2500 2498 1395 76,802.1299999999999
3610,3610 2937 4146 4147 4148 3607 3609 4013 4011 4014 3508 4002 4317 4318 4319 1928 3507 2022 3598 3597,1096.368
3909,3909 3915 3918 3917 3919 3923 3929 4406 3920 2743 2691 2692 2729 3911 3912 3913 3289 3290 3350 3347 2689 1879 1880 1589 3200 3201,1367.3449999999998
3823,3823 3826 3827 2427 3376 3373 3377 3137 3138 3889 2759 3321 2760 1976 3570 1991 3565 2129 3479 4077 1890 4422 4423,1504.3639999999998
2332,2332 2331 2704 3907 2730 4278 4276 4279 4401 4403 3992 3993 4442 4048 4031 4029 4032 2921 2808 3678 2890 1889 1887 2090 2971 3206 2695,1631.3980000000001
926,926 928 1251 1253 2664 2800 2463 2513 2373 2376 2375 3796 3795 995 1065 1001,1029.605
1724,1724 2014 3588 3589 3590 3591 2018 1300 4200 2678 4205 2677 2679 3878 3879 4212 4327 4078 4330 4243 4083 4082 4084 4085 4086,1407.3180000000002
2587,2587 2589 3722 3720 3723 3710 3712 3713 3521 2237 2240 2232 2234 1462 476 471 2670 2050 817 831 1664 3547 3546 3543 669 1961,1877.692
1341,1341 2500 2498 1395 76,361.42900000000003
2891,2891 1765 3348 3347 2689 1879 1880 1589 3200 3201,464.04299999999995
4003,4003 4323 4321 4324 3215 4221 3507 2022 3598 3597,505.80500000000006
2622,2622 2757 2756 2755 2742 2741 2740 1343 1341 2500 2498 1395 76,794.9219999999999
3102,3102 3103 1967 2705 3558 348,303.10400000000004
2697,2697 2700 1787 1746 1748,343.759
1105,1105 1106 4285 4289 4290 3999 3846 3847 4005 4323 4321 4324 3215 4221 3507 2022 3598 3597,900.9959999999999
3145,3145 3144 2854 1692 3210 3206 2695,329.049
3119,3119 3514 4264 4265 3486 3286 4266 4267 4268 3548 2252 3169 3543 669 1961,1085.266
2653,2653 2657 2661 1446 1456 482 1500 1502 2790 1496 817 831 1664 3547 3546 3543 669 1961,1525.2509999999997
1860,1860 3440 3441 3225 3226 3772 4089 4100 3800 3386 3387 3388 2420 3015 3014 3012 2343 3766 3768 3765 3324 3761 3759 3764 3758 4296 1821,1721.7529999999992
4233,4233 2344 3769 3325 3326 3764 3758 4296 1821,505.004
700,700 3636 4059 4055 4271 1764 3638 3639 3640 2995 3637 2916 4038 2917 3556 3557 3558 348,1086.41
2624,2624 2737 2736 3901 3900 4399 3927 2758 3926 4404 3921 2756 2755 2742 2741 2740 1343 1341 2500 2498 1395 76,1566.5010000000002
2758,2758 3926 4404 3921 2756 2755 2742 2741 2740 1343 1341 2500 2498 1395 76,894.0459999999999
1092,1092 2598 2599 2602 2604 2495 2496 2498 1395 76,1136.884
2981,2981 3680 3679 2408 2410 2411 2017 1304 1302 1301 783 2678 4205 2677 2679 3878 3879 4212 4327 4078 4330 4243 4083 4082 4084 4085 4086,1475.5880000000002
3622,3622 3620 2925 2924 2857 2855 2859 2304 3537 1758 2408 2410 2411 2017 1304 1302 1301 783 2678 4205 2677 2679 3878 3879 4212 4327 4078 4330 4243 4083 4082 4084 4085 4086,1794.6570000000002
2836,2836 3945 4421 3944 4418 3947 3227 4052 4222 3389 3392 3253 3387 3388 2420 3015 3014 3012 2343 3766 3768 3765 3324 3761 3759 3764 3758 4296 1821,1730.8979999999992
3692,3692 2035 2313 3619 2303 3109 2924 2857 2855 2859 2304 3537 1758 2408 2410 2411 2017 1304 1302 1301 783 2678 4205 2677 2679 3878 3879 4212 4327 4078 4330 4243 4083 4082 4084 4085 4086,2106.1850000000004
3543,3543 669 1961,252.714
4431,4431 1593 4383 2712 3278 4040 3556 3557 3558 348,503.898
802,802 800 799 2639 2439 2592 2591 3756 3755 3754 2596 3532 3531 3524 3522 2234 1462 476 471 2670 2050 817 831 1664 3547 3546 3543 669 1961,2750.3779999999997
1870,1870 3185 3184 1688 1687 1696 2345 2348 3459 3461 4105 4365 4366 4367 3762 3759 3764 3758 4296 1821,1022.383
2132,2132 2136 2134 1612 1498 3309 3046 1816 1817 2348 3459 3461 4105 4365 4366 4367 3762 3759 3764 3758 4296 1821,1450.7499999999995
3269,3269 4241 3270 2985 4245 4082 4084 4085 4086,450.11999999999995
3380,3380 1769 1717 623 2897 4025 2068 3248 3646 3645 3647 3092 2869 2189 2183 3089 3088 3086,1207.977
4366,4366 4367 3762 3759 3764 3758 4296 1821,541.374
4163,4163 4165 4166 2425 2937 4146 4147 4148 3607 3609 4013 4011 4014 3508 4002 4317 4318 4319 1928 3507 2022 3598 3597,1417.907
2724,2724 1343 1341 2500 2498 1395 76,390.11
1701,1701 1527 489 3883 3884 3885 4215 3942 3888 1620 2402 3734 3736 3737 2202 2204 2207 2212 4073 4074 4075 4161 4424 4423,1318.8839999999996
3477,3477 3478 3481 3287 3288,252.61700000000002
1996,1996 3581 3799 3988 3989 3990 3297 1730,421.214
2944,2944 2943 4294 4292 4295 3450 3438 2972 4091 2986 2987 4092 3316 3314 3307 3046 1816 1817 2348 3459 3461 4105 4365 4366 4367 3762 3759 3764 3758 4296 1821,1730.587
486,486 484 525 2824 2843 2844 3192 3197 2821 1529 1420 1419 1603 2952 3776 3774 3777 3409 3112 2949,1488.629
4434,4434 4437 4432 2914 2915 4380 4381 4383 2712 3278 4040 3556 3557 3558 348,793.0269999999999
4389,4389 2610 2782 3852 3850 3783 4335 4333 4336 2354 1915 3346 4350 4348 4347 3601,943.3879999999999
2039,2039 2036 2037 3109 2924 2857 2855 2859 2304 3537 1758 2408 2410 2411 2017 1304 1302 1301 783 2678 4205 2677 2679 3878 3879 4212 4327 4078 4330 4243 4083 4082 4084 4085 4086,1892.2990000000002
2753,2753 2754 2893 745 2258 2952 3776 3774 3777 3409 3112 2949,772.746
2561,2561 2138 2139 3532 3531 3524 3522 2234 1462 476 471 2670 2050 817 831 1664 3547 3546 3543 669 1961,1692.337
2519,2519 2521 2638 450 447 444 441 439 435 431 428 423 1466 1467 3857 3858 3859 2622 2757 2756 2755 2742 2741 2740 1343 1341 2500 2498 1395 76,3384.1659999999997
3073,3073 2198 2901 4162 4424 4423,251.167
857,857 860 863 2627 2641 2640 2639 2439 2592 2591 3756 3755 3754 2596 3532 3531 3524 3522 2234 1462 476 471 2670 2050 817 831 1664 3547 3546 3543 669 1961,2967.0209999999997
2932,2932 2701 3727 4050 4444 4008 3996 2936 2264 782 458 1508 344 3677 2852 2092 2093 2694 3206 2695,810.764
4234,4234 3836 4232 3838 639,425.086
3865,3865 3863 2702 2701 3727 4050 4444 4008 3996 2936 2264 782 458 1508 344 3677 2852 2092 2093 2694 3206 2695,942.811
3982,3982 3983 4018 4019 4072 3268 3266 2056 3636 4059 4055 4271 1764 3638 3639 3640 2995 3637 2916 4038 2917 3556 3557 3558 348,1559.148
4101,4101 4102 4309 3707 2152 3517 3586 3587 3584 3585 1839 2979 2107 2106 1609 1758 2408 2410 2411 2017 1304 1302 1301 783 2678 4205 2677 2679 3878 3879 4212 4327 4078 4330 4243 4083 4082 4084 4085 4086,1872.231
2069,2069 3250 3251 1711 1751 1749 1746 1748,387.64300000000003
2991,2991 2100 2099 1928 3507 2022 3598 3597,340.305
3141,3141 3142 3143 4109 4107 4108 3564 3482 3483 3474 3475 3478 3481 3287 3288,863.1780000000002
4394,4394 4395 4396 3872 3850 3783 4335 4333 4336 2354 1915 3346 4350 4348 4347 3601,1029.5919999999999
3612,3612 4354 4353 4356 3106 4154 2919 4447 4435 4475 4430 4431 1593 4383 2712 3278 4040 3556 3557 3558 348,1252.737
3607,3607 3609 4013 4011 4014 3508 4002 4317 4318 4319 1928 3507 2022 3598 3597,749.656
3793,3793 2913 3488 2992 2991 2100 2099 1928 3507 2022 3598 3597,663.0519999999998
3415,3415 3965 3964 3963 3418 3536 3533 3097 3096 2406 3413 2020 1304 1302 1301 783 2678 4205 2677 2679 3878 3879 4212 4327 4078 4330 4243 4083 4082 4084 4085 4086,1615.2280000000003
3461,3461 4105 4365 4366 4367 3762 3759 3764 3758 4296 1821,697.227
2198,2198 2901 4162 4424 4423,192.99800000000002
3980,3980 2872 4017 4018 4019 4072 3268 3266 2056 3636 4059 4055 4271 1764 3638 3639 3640 2995 3637 2916 4038 2917 3556 3557 3558 348,1628.967
3562,3562 3563 1969 3288,160.923
4380,4380 4381 4383 2712 3278 4040 3556 3557 3558 348,529.23
2702,2702 2701 3727 4050 4444 4008 3996 2936 2264 782 458 1508 344 3677 2852 2092 2093 2694 3206 2695,803.6400000000001
3844,3844 3783 4335 4333 4336 2354 1915 3346 4350 4348 4347 3601,847.4079999999999
2946,2946 2949,146.288
691,691 2909 2910 2911 4287 4289 4290 3999 3846 3847 4005 4323 4321 4324 3215 4221 3507 2022 3598 3597,1291.3029999999999
1025,1025 2580 2471 2476 2478 2664 2800 2463 2513 2373 2376 2375 3796 3795 995 1065 1001,1089.761
4271,4271 1764 3638 3639 3640 2995 3637 2916 4038 2917 3556 3557 3558 348,910.309
3226,3226 3772 4089 4100 3800 3386 3387 3388 2420 3015 3014 3012 2343 3766 3768 3765 3324 3761 3759 3764 3758 4296 1821,1344.0949999999998
3183,3183 4207 3879 4212 4327 4078 4330 4243 4083 4082 4084 4085 4086,838.901
3516,3516 3517 3586 3587 3584 3585 1839 2979 2107 2106 1609 1758 2408 2410 2411 2017 1304 1302 1301 783 2678 4205 2677 2679 3878 3879 4212 4327 4078 4330 4243 4083 4082 4084 4085 4086,1754.2200000000003
497,497 1446 1456 482 1500 1502 2790 1496 817 831 1664 3547 3546 3543 669 1961,1393.342
1890,1890 4422 4423,130.878
1385,1385 1392 2728 3913 3289 3290 3350 3347 2689 1879 1880 1589 3200 3201,443.8189999999999
4159,4159 4155 3118 2667 2670 2050 817 831 1664 3547 3546 3543 669 1961,1323.4239999999998
2040,2040 2039 2036 2037 3109 2924 2857 2855 2859 2304 3537 1758 2408 2410 2411 2017 1304 1302 1301 783 2678 4205 2677 2679 3878 3879 4212 4327 4078 4330 4243 4083 4082 4084 4085 4086,1931.3290000000002
1968,1968 3814 3812 4381 4383 2712 3278 4040 3556 3557 3558 348,612.662
2905,2905 2906 3241 3242 3243 2067 3244 3245 3246 2933 3647 3092 2869 2189 2183 3089 3088 3086,861.827
3004,3004 3005 3239 2073 2941 3351 3352 3353 3093 1712 3090 3089 3088 3086,676.2939999999999
3791,3791 4012 2105 2103 2104 2098 2097 2100 2099 1928 3507 2022 3598 3597,698.9739999999999
344,344 3677 2852 2092 2093 2694 3206 2695,235.73
3007,3007 3008 3649 3650 2074 2079 2080 3249 3250 3251 1711 1751 1749 1746 1748,644.078
3958,3958 3962 4284 4106 4107 4108 3564 3482 3483 3474 3475 3478 3481 3287 3288,1009.9920000000001
2084,2084 2905 2906 3241 3242 3243 2067 3244 3245 3246 2933 3647 3092 2869 2189 2183 3089 3088 3086,909.8619999999999
4474,4474 4036 2918 3278 4040 3556 3557 3558 348,456.203
1494,1494 3301 3602 3604 3302 3189 3190 4000 4317 4318 4319 1928 3507 2022 3598 3597,780.858
3412,3412 3413 2020 1304 1302 1301 783 2678 4205 2677 2679 3878 3879 4212 4327 4078 4330 4243 4083 4082 4084 4085 4086,1322.7860000000003
1176,1176 2634 2521 2638 450 447 444 441 439 435 431 428 423 1466 1467 3857 3858 3859 2622 2757 2756 2755 2742 2741 2740 1343 1341 2500 2498 1395 76,3522.4449999999997
3549,3549 2253 3546 3543 669 1961,452.086
2253,2253 3546 3543 669 1961,348.764
1850,1850 4134 4132 4136 3234 1566 2831 2830 2832 2833 2834 1869 2134 1612 1498 3309 3046 1816 1817 2348 3459 3461 4105 4365 4366 4367 3762 3759 3764 3758 4296 1821,2424.9100000000003
4043,4043 4044 4045 3791 4012 2105 2103 2104 2098 2097 2100 2099 1928 3507 2022 3598 3597,884.983
2408,2408 2410 2411 2017 1304 1302 1301 783 2678 4205 2677 2679 3878 3879 4212 4327 4078 4330 4243 4083 4082 4084 4085 4086,1285.371
1746,1746 1748,74.961
2173,2173 2172 3643 2061 2062 2268 2898 4023 4026 4024 3247 3646 3645 3647 3092 2869 2189 2183 3089 3088 3086,1385.7749999999999
3675,3675 3676 2090 2971 3206 2695,253.04299999999998
4240,4240 4191 3416 3417 3535 3177 3533 3097 3096 2406 3413 2020 1304 1302 1301 783 2678 4205 2677 2679 3878 3879 4212 4327 4078 4330 4243 4083 4082 4084 4085 4086,1664.4110000000003
3896,3896 2702 2701 3727 4050 4444 4008 3996 2936 2264 782 458 1508 344 3677 2852 2092 2093 2694 3206 2695,895.7850000000001
2718,2718 2713 2661 1446 1456 482 1500 1502 2790 1496 817 831 1664 3547 3546 3543 669 1961,1625.213
909,909 982 1276 2673 2674 2375 3796 3795 995 1065 1001,560.919
1158,1158 1157 1159 1164 1173 1166 2629 2627 2641 2640 2639 2439 2592 2591 3756 3755 3754 2596 3532 3531 3524 3522 2234 1462 476 471 2670 2050 817 831 1664 3547 3546 3543 669 1961,2965.7
1767,1767 2871 2870 1573 3092 2869 2189 2183 3089 3088 3086,494.12300000000005
3096,3096 2406 3413 2020 1304 1302 1301 783 2678 4205 2677 2679 3878 3879 4212 4327 4078 4330 4243 4083 4082 4084 4085 4086,1269.8170000000002
2997,2997 2999 4163 4165 4166 2425 2937 4146 4147 4148 3607 3609 4013 4011 4014 3508 4002 4317 4318 4319 1928 3507 2022 3598 3597,1651.3429999999998
3609,3609 4013 4011 4014 3508 4002 4317 4318 4319 1928 3507 2022 3598 3597,686.8029999999999
3964,3964 3963 3418 3536 3533 3097 3096 2406 3413 2020 1304 1302 1301 783 2678 4205 2677 2679 3878 3879 4212 4327 4078 4330 4243 4083 4082 4084 4085 4086,1497.3820000000003
3347,3347 2689 1879 1880 1589 3200 3201,194.711
3619,3619 2303 3109 2924 2857 2855 2859 2304 3537 1758 2408 2410 2411 2017 1304 1302 1301 783 2678 4205 2677 2679 3878 3879 4212 4327 4078 4330 4243 4083 4082 4084 4085 4086,1803.5760000000002
1955,1955 1956 3164 1962 1957 1961,458.06899999999996
3695,3695 2255 2423 3882 3880 3719 3717 2424 3519 2235 3635 3634 3633 2240 2232 2234 1462 476 471 2670 2050 817 831 1664 3547 3546 3543 669 1961,2014.7820000000002
4151,4151 4152 4153 4046 4436 4434 4437 4432 2914 2915 4380 4381 4383 2712 3278 4040 3556 3557 3558 348,1104.227
3764,3764 3758 4296 1821,222.436
3661,3661 3662 3664 3940 3673 702 704 716,538.965
2396,2396 3738 4022 4021 4027 3648 3645 3647 3092 2869 2189 2183 3089 3088 3086,1288.831
321,321 892 3063 3233 3062 4131 3235 4136 3234 1566 2831 2830 2832 2833 2834 1869 2134 1612 1498 3309 3046 1816 1817 2348 3459 3461 4105 4365 4366 4367 3762 3759 3764 3758 4296 1821,2575.7560000000003
2993,2993 4103 3094 3095 3100 2109 2110 2111 1934 2981 3680 3679 2408 2410 2411 2017 1304 1302 1301 783 2678 4205 2677 2679 3878 3879 4212 4327 4078 4330 4243 4083 4082 4084 4085 4086,1835.1170000000002
2691,2691 2692 2729 3911 3912 3913 3289 3290 3350 3347 2689 1879 1880 1589 3200 3201,631.33
3828,3828 2429 2430 2431 2432 1837 3423 2617 2607 3216 3217 3219 2861 2369 3789 4375 4129 4130 3056 4140 4141 3299 3297 1730,1390.8269999999998
3656,3656 1628 1630 3007 3008 3649 3650 2074 2079 2080 3249 3250 3251 1711 1751 1749 1746 1748,778.7549999999999
3468,3468 2934 3464 3895 3733 2701 3727 4050 4444 4008 3996 2936 2264 782 458 1508 344 3677 2852 2092 2093 2694 3206 2695,953.892
1946,1946 1947,20.949
4153,4153 4046 4436 4434 4437 4432 2914 2915 4380 4381 4383 2712 3278 4040 3556 3557 3558 348,971.4430000000001
4168,4168 4165 4166 2425 2937 4146 4147 4148 3607 3609 4013 4011 4014 3508 4002 4317 4318 4319 1928 3507 2022 3598 3597,1406.4199999999998
2045,2045 2046 2048 3633 2240 2232 2234 1462 476 471 2670 2050 817 831 1664 3547 3546 3543 669 1961,1530.7819999999997
2822,2822 3195 2750 2753 2754 2893 745 2258 2952 3776 3774 3777 3409 3112 2949,957.7299999999999
4016,4016 4279 4401 4403 3992 3993 4442 4048 4031 4029 4032 2921 2808 3678 2890 1889 1887 2090 2971 3206 2695,1073.674
3088,3088 3086,100.087
2918,2918 3278 4040 3556 3557 3558 348,331.378
3652,3652 3653 3657 3236 3004 3005 3239 2073 2941 3351 3352 3353 3093 1712 3090 3089 3088 3086,834.4590000000001
1915,1915 3346 4350 4348 4347 3601,233.201
3246,3246 2933 3647 3092 2869 2189 2183 3089 3088 3086,497.08799999999997
272,272 1105 1106 4285 4289 4290 3999 3846 3847 4005 4323 4321 4324 3215 4221 3507 2022 3598 3597,907.7069999999999
4384,4384 4393 3849 2864 3870 3872 3850 3783 4335 4333 4336 2354 1915 3346 4350 4348 4347 3601,1125.985
2321,2321 2322 2418 2417 2738 3898 3903 2758 3926 4404 3921 2756 2755 2742 2741 2740 1343 1341 2500 2498 1395 76,1548.0860000000002
687,687 3596 2019 1104 2678 4205 2677 2679 3878 3879 4212 4327 4078 4330 4243 4083 4082 4084 4085 4086,1127.5760000000002
3499,3499 3497 3629 3492 3491 2301 3632 3631 3630 2044 2045 2046 2048 3633 2240 2232 2234 1462 476 471 2670 2050 817 831 1664 3547 3546 3543 669 1961,1875.207
2829,2829 2830 2832 2833 2834 1869 2134 1612 1498 3309 3046 1816 1817 2348 3459 3461 4105 4365 4366 4367 3762 3759 3764 3758 4296 1821,2003.0679999999998
2916,2916 4038 2917 3556 3557 3558 348,323.273
1967,1967 2705 3558 348,235.09500000000003
3052,3052 775 4127 4485 4471 4452 2845 3192 3197 2821 1529 1420 1419 1603 2952 3776 3774 3777 3409 3112 2949,1401.6999999999998
881,881 2911 4287 4289 4290 3999 3846 3847 4005 4323 4321 4324 3215 4221 3507 2022 3598 3597,1154.5639999999999
3075,3075 1554 1549 1568 779 2818 3946 2817 3948 3440 3441 3225 3226 3772 4089 4100 3800 3386 3387 3388 2420 3015 3014 3012 2343 3766 3768 3765 3324 3761 3759 3764 3758 4296 1821,1992.6329999999994
4207,4207 3879 4212 4327 4078 4330 4243 4083 4082 4084 4085 4086,771.9209999999999
1872,1872 4235 4236 4237 3254 2245 2244 3758 4296 1821,586.1310000000001
2712,2712 3278 4040 3556 3557 3558 348,396.67900000000003
1254,1254 2476 2478 2664 2800 2463 2513 2373 2376 2375 3796 3795 995 1065 1001,1104.444
3216,3216 3217 3219 2861 2369 3789 4375 4129 4130 3056 4140 4141 3299 3297 1730,842.2509999999999
4024,4024 3247 3646 3645 3647 3092 2869 2189 2183 3089 3088 3086,698.583
3410,3410 3409 3112 2949,267.673
2897,2897 4025 2068 3248 3646 3645 3647 3092 2869 2189 2183 3089 3088 3086,983.921
882,882 884 4385 2608 4389 2610 2782 3852 3850 3783 4335 4333 4336 2354 1915 3346 4350 4348 4347 3601,1048.521
2101,2101 2102 2991 2100 2099 1928 3507 2022 3598 3597,466.242
4087,4087 4090 4088 4098 4100 3800 3386 3387 3388 2420 3015 3014 3012 2343 3766 3768 3765 3324 3761 3759 3764 3758 4296 1821,1280.2399999999998
3522,3522 2234 1462 476 471 2670 2050 817 831 1664 3547 3546 3543 669 1961,1296.7429999999997
3585,3585 1839 2979 2107 2106 1609 1758 2408 2410 2411 2017 1304 1302 1301 783 2678 4205 2677 2679 3878 3879 4212 4327 4078 4330 4243 4083 4082 4084 4085 4086,1563.3640000000003
4132,4132 4136 3234 1566 2831 2830 2832 2833 2834 1869 2134 1612 1498 3309 3046 1816 1817 2348 3459 3461 4105 4365 4366 4367 3762 3759 3764 3758 4296 1821,2227.4500000000003
1402,1402 2567 2572 2580 2471 2476 2478 2664 2800 2463 2513 2373 2376 2375 3796 3795 995 1065 1001,1209.467
3571,3571 2649 2226 2227 2230 3565 2129 3479 4077 1890 4422 4423,607.546
2709,2709 3540 3541 3542 3270 2985 4245 4082 4084 4085 4086,356.61
3972,3972 3975 3976 3578 3937 3961 3958 3962 4284 4106 4107 4108 3564 3482 3483 3474 3475 3478 3481 3287 3288,1402.894
4480,4480 4477 4193 4192 4170 4412 4409 4411 3458 3457 3153 2534 3836 4232 3838 639,1345.144
3376,3376 3373 3377 3137 3138 3889 2759 3321 2760 1976 3570 1991 3565 2129 3479 4077 1890 4422 4423,1237.9359999999997
898,898 2459 2831 2830 2832 2833 2834 1869 2134 1612 1498 3309 3046 1816 1817 2348 3459 3461 4105 4365 4366 4367 3762 3759 3764 3758 4296 1821,2026.3379999999997
2303,2303 3109 2924 2857 2855 2859 2304 3537 1758 2408 2410 2411 2017 1304 1302 1301 783 2678 4205 2677 2679 3878 3879 4212 4327 4078 4330 4243 4083 4082 4084 4085 4086,1772.3900000000003
2739,2739 3899 3897 3902 3927 2758 3926 4404 3921 2756 2755 2742 2741 2740 1343 1341 2500 2498 1395 76,1352.35
4205,4205 2677 2679 3878 3879 4212 4327 4078 4330 4243 4083 4082 4084 4085 4086,929.677
3514,3514 4264 4265 3486 3286 4266 4267 4268 3548 2252 3169 3543 669 1961,1047.2690000000002
3899,3899 3897 3902 3927 2758 3926 4404 3921 2756 2755 2742 2741 2740 1343 1341 2500 2498 1395 76,1252.4550000000002
2013,2013 3116 3117 3115 4155 3118 2667 2670 2050 817 831 1664 3547 3546 3543 669 1961,1365.17
2803,2803 3948 3440 3441 3225 3226 3772 4089 4100 3800 3386 3387 3388 2420 3015 3014 3012 2343 3766 3768 3765 3324 3761 3759 3764 3758 4296 1821,1781.9029999999993
2952,2952 3776 3774 3777 3409 3112 2949,456.92299999999994
2901,2901 4162 4424 4423,182.334
3170,3170 574 1880 1589 3200 3201,336.021
4430,4430 4431 1593 4383 2712 3278 4040 3556 3557 3558 348,561.466
3920,3920 2743 2691 2692 2729 3911 3912 3913 3289 3290 3350 3347 2689 1879 1880 1589 3200 3201,664.682
3894,3894 3942 3888 1620 2402 3734 3736 3737 2202 2204 2207 2212 4073 4074 4075 4161 4424 4423,976.4210000000002
1728,1728 1727 590 2196 2197 1943 1944 1946 1947,347.29300000000006
2634,2634 2521 2638 450 447 444 441 439 435 431 428 423 1466 1467 3857 3858 3859 2622 2757 2756 2755 2742 2741 2740 1343 1341 2500 2498 1395 76,3470.1919999999996
3832,3832 4384 4393 3849 2864 3870 3872 3850 3783 4335 4333 4336 2354 1915 3346 4350 4348 4347 3601,1252.355
2761,2761 1420 1419 1603 2952 3776 3774 3777 3409 3112 2949,755.077
1668,1668 4105 4365 4366 4367 3762 3759 3764 3758 4296 1821,731.639
2992,2992 2991 2100 2099 1928 3507 2022 3598 3597,405.512
4403,4403 3992 3993 4442 4048 4031 4029 4032 2921 2808 3678 2890 1889 1887 2090 2971 3206 2695,892.391
2130,2130 2419 3914 2732 3916 2749 3930 4407 4405 4404 3921 2756 2755 2742 2741 2740 1343 1341 2500 2498 1395 76,1437.5190000000002
1159,1159 1164 1173 1166 2629 2627 2641 2640 2639 2439 2592 2591 3756 3755 3754 2596 3532 3531 3524 3522 2234 1462 476 471 2670 2050 817 831 1664 3547 3546 3543 669 1961,2841.5299999999997
2021,2021 2022 3598 3597,193.209
2611,2611 4285 4289 4290 3999 3846 3847 4005 4323 4321 4324 3215 4221 3507 2022 3598 3597,914.2759999999998
1399,1399 3506 4334 1922 1916 2900 2899 1915 3346 4350 4348 4347 3601,594.8140000000001
692,692 3630 2044 2045 2046 2048 3633 2240 2232 2234 1462 476 471 2670 2050 817 831 1664 3547 3546 3543 669 1961,1673.445
1795,1795 3382 1529 1420 1419 1603 2952 3776 3774 3777 3409 3112 2949,995.558
2372,2372 3427 3428 3430 2359 3443 1814 1859 2944 2943 4294 4292 4295 3450 3438 2972 4091 2986 2987 4092 3316 3314 3307 3046 1816 1817 2348 3459 3461 4105 4365 4366 4367 3762 3759 3764 3758 4296 1821,2118.6989999999996
1964,1964 3318 3319 3320 3555 3554 2983 2984 4085 4086,342.81399999999996
3342,3342 3343 4060 4449 4438 4476 4473 4474 4036 2918 3278 4040 3556 3557 3558 348,859.128
3916,3916 2749 3930 4407 4405 4404 3921 2756 2755 2742 2741 2740 1343 1341 2500 2498 1395 76,1069.603
3383,3383 3225 3226 3772 4089 4100 3800 3386 3387 3388 2420 3015 3014 3012 2343 3766 3768 3765 3324 3761 3759 3764 3758 4296 1821,1462.3809999999999
3591,3591 2018 1300 4200 2678 4205 2677 2679 3878 3879 4212 4327 4078 4330 4243 4083 4082 4084 4085 4086,1071.511
464,464 2643 2781 2777 2828 3456 3455 3454 3452 3451 2788 2783 1270 1199 3408 3405 4303 4301 4297 4296 1821,2363.538
3283,3283 3025 3032 4111 4257 4258 4246 4247 4368 3778 4355 4353 4356 3106 4154 2919 4447 4435 4475 4430 4431 1593 4383 2712 3278 4040 3556 3557 3558 348,1828.817
3541,3541 3542 3270 2985 4245 4082 4084 4085 4086,299.046
3302,3302 3189 3190 4000 4317 4318 4319 1928 3507 2022 3598 3597,539.62
4152,4152 4153 4046 4436 4434 4437 4432 2914 2915 4380 4381 4383 2712 3278 4040 3556 3557 3558 348,1031.79
4427,4427 4415 4414 4465 4464 4051 4223 4171 4172 1818 1759 2421 1872 4235 4236 4237 3254 2245 2244 3758 4296 1821,1568.592
3232,3232 3229 4135 4132 4136 3234 1566 2831 2830 2832 2833 2834 1869 2134 1612 1498 3309 3046 1816 1817 2348 3459 3461 4105 4365 4366 4367 3762 3759 3764 3758 4296 1821,2475.335
1112,1112 2617 2607 3216 3217 3219 2861 2369 3789 4375 4129 4130 3056 4140 4141 3299 3297 1730,957.679
884,884 4385 2608 4389 2610 2782 3852 3850 3783 4335 4333 4336 2354 1915 3346 4350 4348 4347 3601,1036.356
4179,4179 3158 3161 3162 2059 4059 4055 4271 1764 3638 3639 3640 2995 3637 2916 4038 2917 3556 3557 3558 348,1341.2920000000001
4388,4388 4389 2610 2782 3852 3850 3783 4335 4333 4336 2354 1915 3346 4350 4348 4347 3601,1054.0140000000001
1422,1422 4157 4159 4155 3118 2667 2670 2050 817 831 1664 3547 3546 3543 669 1961,1417.456
4010,4010 3508 4002 4317 4318 4319 1928 3507 2022 3598 3597,481.38300000000004
2431,2431 2432 1837 3423 2617 2607 3216 3217 3219 2861 2369 3789 4375 4129 4130 3056 4140 4141 3299 3297 1730,1270.158
3599,3599 3600 4347 3601,188.212
2022,2022 3598 3597,98.083
1038,1038 2592 2591 3756 3755 3754 2596 3532 3531 3524 3522 2234 1462 476 471 2670 2050 817 831 1664 3547 3546 3543 669 1961,2115.43
2777,2777 2828 3456 3455 3454 3452 3451 2788 2783 1270 1199 3408 3405 4303 4301 4297 4296 1821,2137.642
3351,3351 3352 3353 3093 1712 3090 3089 3088 3086,491.013
2136,2136 2134 1612 1498 3309 3046 1816 1817 2348 3459 3461 4105 4365 4366 4367 3762 3759 3764 3758 4296 1821,1397.0489999999995
2661,2661 1446 1456 482 1500 1502 2790 1496 817 831 1664 3547 3546 3543 669 1961,1383.137
3401,3401 3402 3538 1944 1946 1947,233.245
1466,1466 1467 3857 3858 3859 2622 2757 2756 2755 2742 2741 2740 1343 1341 2500 2498 1395 76,1206.7200000000003
3137,3137 3138 3889 2759 3321 2760 1976 3570 1991 3565 2129 3479 4077 1890 4422 4423,1068.029
3153,3153 2534 3836 4232 3838 639,391.30400000000003
1874,1874 1668 4105 4365 4366 4367 3762 3759 3764 3758 4296 1821,785.215
1705,1705 1701 1527 489 3883 3884 3885 4215 3942 3888 1620 2402 3734 3736 3737 2202 2204 2207 2212 4073 4074 4075 4161 4424 4423,1437.1719999999996
4399,4399 3927 2758 3926 4404 3921 2756 2755 2742 2741 2740 1343 1341 2500 2498 1395 76,1132.846
3426,3426 3822 3827 2427 3376 3373 3377 3137 3138 3889 2759 3321 2760 1976 3570 1991 3565 2129 3479 4077 1890 4422 4423,1419.312
439,439 435 431 428 423 1466 1467 3857 3858 3859 2622 2757 2756 2755 2742 2741 2740 1343 1341 2500 2498 1395 76,2206.2250000000004
358,358 889 3074 2444 1800 1813 1548 1568 779 2818 3946 2817 3948 3440 3441 3225 3226 3772 4089 4100 3800 3386 3387 3388 2420 3015 3014 3012 2343 3766 3768 3765 3324 3761 3759 3764 3758 4296 1821,2218.682
1769,1769 1717 623 2897 4025 2068 3248 3646 3645 3647 3092 2869 2189 2183 3089 3088 3086,1168.23
799,799 2639 2439 2592 2591 3756 3755 3754 2596 3532 3531 3524 3522 2234 1462 476 471 2670 2050 817 831 1664 3547 3546 3543 669 1961,2450.638
3565,3565 2129 3479 4077 1890 4422 4423,339.00399999999996
2555,2555 2554 2561 2138 2139 3532 3531 3524 3522 2234 1462 476 471 2670 2050 817 831 1664 3547 3546 3543 669 1961,1800.595
4305,4305 4306 2931 3743 3481 3287 3288,318.187
4466,4466 4467 4468 4196 4194 4169 4453 4456 4454 3153 2534 3836 4232 3838 639,1272.909
2018,2018 1300 4200 2678 4205 2677 2679 3878 3879 4212 4327 4078 4330 4243 4083 4082 4084 4085 4086,1044.4640000000002
359,359 1383 1384 1393 1395 76,484.07700000000006
2701,2701 3727 4050 4444 4008 3996 2936 2264 782 458 1508 344 3677 2852 2092 2093 2694 3206 2695,722.701
3142,3142 3143 4109 4107 4108 3564 3482 3483 3474 3475 3478 3481 3287 3288,788.9680000000001
3182,3182 4427 4415 4414 4465 4464 4051 4223 4171 4172 1818 1759 2421 1872 4235 4236 4237 3254 2245 2244 3758 4296 1821,1575.098
3245,3245 3246 2933 3647 3092 2869 2189 2183 3089 3088 3086,616.256
2903,2903 4028 2922 3912 3913 3289 3290 3350 3347 2689 1879 1880 1589 3200 3201,670.4150000000001
3953,3953 3954 2836 3945 4421 3944 4418 3947 3227 4052 4222 3389 3392 3253 3387 3388 2420 3015 3014 3012 2343 3766 3768 3765 3324 3761 3759 3764 3758 4296 1821,1967.0809999999992
3274,3274 3277 3278 4040 3556 3557 3558 348,426.218
3286,3286 4266 4267 4268 3548 2252 3169 3543 669 1961,701.558
3575,3575 3327 1917 3574 3345 2023 3600 4347 3601,422.736
3830,3830 1981 3577 3421 3422 3423 2617 2607 3216 3217 3219 2861 2369 3789 4375 4129 4130 3056 4140 4141 3299 3297 1730,1379.6589999999999
2511,2511 2847 2805 3938 3939 3940 3673 702 704 716,638.5790000000001
1908,1908 1905 4086,171.203
342,342 2500 2498 1395 76,346.849
2607,2607 3216 3217 3219 2861 2369 3789 4375 4129 4130 3056 4140 4141 3299 3297 1730,913.389
1415,1415 1346 2256 2258 2952 3776 3774 3777 3409 3112 2949,782.169
2428,2428 3376 3373 3377 3137 3138 3889 2759 3321 2760 1976 3570 1991 3565 2129 3479 4077 1890 4422 4423,1350.937
245,245 1254 2476 2478 2664 2800 2463 2513 2373 2376 2375 3796 3795 995 1065 1001,1117.822
4071,4071 4020 4072 3268 3266 2056 3636 4059 4055 4271 1764 3638 3639 3640 2995 3637 2916 4038 2917 3556 3557 3558 348,1456.1760000000002
2196,2196 2197 1943 1944 1946 1947,187.09500000000003
2006,2006 2001 3585 1839 2979 2107 2106 1609 1758 2408 2410 2411 2017 1304 1302 1301 783 2678 4205 2677 2679 3878 3879 4212 4327 4078 4330 4243 4083 4082 4084 4085 4086,1656.9780000000003
3705,3705 3695 2255 2423 3882 3880 3719 3717 2424 3519 2235 3635 3634 3633 2240 2232 2234 1462 476 471 2670 2050 817 831 1664 3547 3546 3543 669 1961,2048.576
1903,1903 1904 1781 1777 1578 1726 1727 590 2196 2197 1943 1944 1946 1947,638.1179999999999
2232,2232 2234 1462 476 471 2670 2050 817 831 1664 3547 3546 3543 669 1961,1296.5449999999998
1261,1261 1265 1254 2476 2478 2664 2800 2463 2513 2373 2376 2375 3796 3795 995 1065 1001,1155.2179999999998
4143,4143 2355 2940 4349 4348 4347 3601,258.827
3929,3929 4406 3920 2743 2691 2692 2729 3911 3912 3913 3289 3290 3350 3347 2689 1879 1880 1589 3200 3201,821.822
4359,4359 3637 2916 4038 2917 3556 3557 3558 348,471.553
4353,4353 4356 3106 4154 2919 4447 4435 4475 4430 4431 1593 4383 2712 3278 4040 3556 3557 3558 348,1021.7610000000001
2970,2970 3979 4439 4440 4441 4020 4072 3268 3266 2056 3636 4059 4055 4271 1764 3638 3639 3640 2995 3637 2916 4038 2917 3556 3557 3558 348,1627.891
1895,1895 3287 3288,189.06099999999998
2594,2594 3754 2596 3532 3531 3524 3522 2234 1462 476 471 2670 2050 817 831 1664 3547 3546 3543 669 1961,1824.632
1698,1698 4135 4132 4136 3234 1566 2831 2830 2832 2833 2834 1869 2134 1612 1498 3309 3046 1816 1817 2348 3459 3461 4105 4365 4366 4367 3762 3759 3764 3758 4296 1821,2361.8030000000003
1672,1672 2062 2268 2898 4023 4026 4024 3247 3646 3645 3647 3092 2869 2189 2183 3089 3088 3086,1238.95
3210,3210 3206 2695,185.88
34,34 36 37 1253 2664 2800 2463 2513 2373 2376 2375 3796 3795 995 1065 1001,1075.0439999999999
2234,2234 1462 476 471 2670 2050 817 831 1664 3547 3546 3543 669 1961,1182.278
4184,4184 4186 4053 4055 4271 1764 3638 3639 3640 2995 3637 2916 4038 2917 3556 3557 3558 348,1148.4199999999998
2957,2957 2964 4117 4071 4020 4072 3268 3266 2056 3636 4059 4055 4271 1764 3638 3639 3640 2995 3637 2916 4038 2917 3556 3557 3558 348,1860.57
4047,4047 2743 2691 2692 2729 3911 3912 3913 3289 3290 3350 3347 2689 1879 1880 1589 3200 3201,764.4350000000001
3212,3212 3213 3267 3268 3266 2056 3636 4059 4055 4271 1764 3638 3639 3640 2995 3637 2916 4038 2917 3556 3557 3558 348,1442.7900000000002
3192,3192 3197 2821 1529 1420 1419 1603 2952 3776 3774 3777 3409 3112 2949,1090.185
2405,2405 3110 3111 3112 2949,269.09299999999996
1033,1033 34 36 37 1253 2664 2800 2463 2513 2373 2376 2375 3796 3795 995 1065 1001,1087.231
2080,2080 3249 3250 3251 1711 1751 1749 1746 1748,431.69500000000005
2852,2852 2092 2093 2694 3206 2695,192.339
435,435 431 428 423 1466 1467 3857 3858 3859 2622 2757 2756 2755 2742 2741 2740 1343 1341 2500 2498 1395 76,2006.324
1021,1021 1024 1025 2580 2471 2476 2478 2664 2800 2463 2513 2373 2376 2375 3796 3795 995 1065 1001,1154.827
4486,4486 4484 4470 4469 4451 2845 3192 3197 2821 1529 1420 1419 1603 2952 3776 3774 3777 3409 3112 2949,1497.4969999999998
4073,4073 4074 4075 4161 4424 4423,321.697
2807,2807 1607 344 3677 2852 2092 2093 2694 3206 2695,263.962
98,98 271 100 2782 3852 3850 3783 4335 4333 4336 2354 1915 3346 4350 4348 4347 3601,924.6479999999999
4261,4261 4258 4246 4247 4368 3778 4355 4353 4356 3106 4154 2919 4447 4435 4475 4430 4431 1593 4383 2712 3278 4040 3556 3557 3558 348,1409.8150000000003
3167,3167 3164 1962 1957 1961,321.71299999999997
2490,2490 2516 3798 3796 3795 995 1065 1001,535.943
2744,2744 2327 2742 2741 2740 1343 1341 2500 2498 1395 76,638.1969999999999
2774,2774 3838 639,183.3
3547,3547 3546 3543 669 1961,440.638
2502,2502 3651 2077 2078 1787 1746 1748,531.869
3285,3285 2957 2964 4117 4071 4020 4072 3268 3266 2056 3636 4059 4055 4271 1764 3638 3639 3640 2995 3637 2916 4038 2917 3556 3557 3558 348,1915.787
2879,2879 4005 4323 4321 4324 3215 4221 3507 2022 3598 3597,570.1610000000001
2115,2115 2114 3145 3144 2854 1692 3210 3206 2695,536.921
2197,2197 1943 1944 1946 1947,123.24199999999999
1906,1906 1907 1961,14.37
4294,4294 4292 4295 3450 3438 2972 4091 2986 2987 4092 3316 3314 3307 3046 1816 1817 2348 3459 3461 4105 4365 4366 4367 3762 3759 3764 3758 4296 1821,1642.0569999999998
509,509 1519 2359 3443 1814 1859 2944 2943 4294 4292 4295 3450 3438 2972 4091 2986 2987 4092 3316 3314 3307 3046 1816 1817 2348 3459 3461 4105 4365 4366 4367 3762 3759 3764 3758 4296 1821,2016.9479999999994
3365,3365 3359 3363 3360 3782 4277 3862 3863 2702 2701 3727 4050 4444 4008 3996 2936 2264 782 458 1508 344 3677 2852 2092 2093 2694 3206 2695,1343.054
2617,2617 2607 3216 3217 3219 2861 2369 3789 4375 4129 4130 3056 4140 4141 3299 3297 1730,922.64
1630,1630 3007 3008 3649 3650 2074 2079 2080 3249 3250 3251 1711 1751 1749 1746 1748,704.7689999999999
1237,1237 1035 1036 1038 2592 2591 3756 3755 3754 2596 3532 3531 3524 3522 2234 1462 476 471 2670 2050 817 831 1664 3547 3546 3543 669 1961,2573.2329999999997
2975,2975 2977 2672 2884 2882 2888 2608 4389 2610 2782 3852 3850 3783 4335 4333 4336 2354 1915 3346 4350 4348 4347 3601,1504.089
3323,3323 4269 4270 4341 4342 3368 3367 2734 3477 3478 3481 3287 3288,763.5760000000001
2943,2943 4294 4292 4295 3450 3438 2972 4091 2986 2987 4092 3316 3314 3307 3046 1816 1817 2348 3459 3461 4105 4365 4366 4367 3762 3759 3764 3758 4296 1821,1701.8499999999995
1904,1904 1781 1777 1578 1726 1727 590 2196 2197 1943 1944 1946 1947,616.1179999999999
3700,3700 3702 3701 2255 2423 3882 3880 3719 3717 2424 3519 2235 3635 3634 3633 2240 2232 2234 1462 476 471 2670 2050 817 831 1664 3547 3546 3543 669 1961,1989.2150000000001
3581,3581 3799 3988 3989 3990 3297 1730,379.076
181,181 2224 1373 2720 2718 2713 2661 1446 1456 482 1500 1502 2790 1496 817 831 1664 3547 3546 3543 669 1961,2007.8500000000004
3940,3940 3673 702 704 716,432.527
2833,2833 2834 1869 2134 1612 1498 3309 3046 1816 1817 2348 3459 3461 4105 4365 4366 4367 3762 3759 3764 3758 4296 1821,1515.5429999999997
3564,3564 3482 3483 3474 3475 3478 3481 3287 3288,555.1320000000001
2416,2416 3289 3290 3350 3347 2689 1879 1880 1589 3200 3201,404.3439999999999
2679,2679 3878 3879 4212 4327 4078 4330 4243 4083 4082 4084 4085 4086,803.934
1833,1833 1836 1837 3423 2617 2607 3216 3217 3219 2861 2369 3789 4375 4129 4130 3056 4140 4141 3299 3297 1730,1201.905
4210,4210 4327 4078 4330 4243 4083 4082 4084 4085 4086,682.8349999999999
4469,4469 4451 2845 3192 3197 2821 1529 1420 1419 1603 2952 3776 3774 3777 3409 3112 2949,1339.69
3781,3781 3782 4277 3862 3863 2702 2701 3727 4050 4444 4008 3996 2936 2264 782 458 1508 344 3677 2852 2092 2093 2694 3206 2695,1139.5870000000002
3085,3085 3854 3075 1554 1549 1568 779 2818 3946 2817 3948 3440 3441 3225 3226 3772 4089 4100 3800 3386 3387 3388 2420 3015 3014 3012 2343 3766 3768 3765 3324 3761 3759 3764 3758 4296 1821,2244.437
3158,3158 3161 3162 2059 4059 4055 4271 1764 3638 3639 3640 2995 3637 2916 4038 2917 3556 3557 3558 348,1333.113
1346,1346 2256 2258 2952 3776 3774 3777 3409 3112 2949,701.603
2240,2240 2232 2234 1462 476 471 2670 2050 817 831 1664 3547 3546 3543 669 1961,1313.3009999999997
3377,3377 3137 3138 3889 2759 3321 2760 1976 3570 1991 3565 2129 3479 4077 1890 4422 4423,1105.7949999999998
1905,1905 4086,118.791
3343,3343 4060 4449 4438 4476 4473 4474 4036 2918 3278 4040 3556 3557 3558 348,803.2270000000001
3513,3513 2050 817 831 1664 3547 3546 3543 669 1961,1043.152
3681,3681 3680 3679 2408 2410 2411 2017 1304 1302 1301 783 2678 4205 2677 2679 3878 3879 4212 4327 4078 4330 4243 4083 4082 4084 4085 4086,1473.2950000000003
3703,3703 2148 3690 2143 2041 2040 2039 2036 2037 3109 2924 2857 2855 2859 2304 3537 1758 2408 2410 2411 2017 1304 1302 1301 783 2678 4205 2677 2679 3878 3879 4212 4327 4078 4330 4243 4083 4082 4084 4085 4086,2137.0760000000005
1392,1392 2728 3913 3289 3290 3350 3347 2689 1879 1880 1589 3200 3201,407.1559999999999
3746,3746 2679 3878 3879 4212 4327 4078 4330 4243 4083 4082 4084 4085 4086,821.1149999999999
2535,2535 2536 3795 995 1065 1001,286.702
2922,2922 3912 3913 3289 3290 3350 3347 2689 1879 1880 1589 3200 3201,510.8099999999999
2410,2410 2411 2017 1304 1302 1301 783 2678 4205 2677 2679 3878 3879 4212 4327 4078 4330 4243 4083 4082 4084 4085 4086,1229.7400000000002
3811,3811 3910 4380 4381 4383 2712 3278 4040 3556 3557 3558 348,570.547
2181,2181 2182,96.155
3737,3737 2202 2204 2207 2212 4073 4074 4075 4161 4424 4423,701.8650000000001
47,47 52,88.326
3459,3459 3461 4105 4365 4366 4367 3762 3759 3764 3758 4296 1821,800.246
4285,4285 4289 4290 3999 3846 3847 4005 4323 4321 4324 3215 4221 3507 2022 3598 3597,881.4079999999999
3689,3689 3687 3518 2144 3626 3625 3624 2295 3623 3622 3620 2925 2924 2857 2855 2859 2304 3537 1758 2408 2410 2411 2017 1304 1302 1301 783 2678 4205 2677 2679 3878 3879 4212 4327 4078 4330 4243 4083 4082 4084 4085 4086,2006.7630000000001
2010,2010 2011 3491 2301 3632 3631 3630 2044 2045 2046 2048 3633 2240 2232 2234 1462 476 471 2670 2050 817 831 1664 3547 3546 3543 669 1961,1857.274
2131,2131 1704 1115 1119 1127 1116 1118 2687 2688 527 1527 489 3883 3884 3885 4215 3942 3888 1620 2402 3734 3736 3737 2202 2204 2207 2212 4073 4074 4075 4161 4424 4423,1609.3549999999996
2591,2591 3756 3755 3754 2596 3532 3531 3524 3522 2234 1462 476 471 2670 2050 817 831 1664 3547 3546 3543 669 1961,1846.848
1710,1710 3265 2084 2905 2906 3241 3242 3243 2067 3244 3245 3246 2933 3647 3092 2869 2189 2183 3089 3088 3086,1029.887
3250,3250 3251 1711 1751 1749 1746 1748,314.25600000000003
495,495 497 1446 1456 482 1500 1502 2790 1496 817 831 1664 3547 3546 3543 669 1961,1593.244
54,54 57 1049 2633 2632 2630 2629 2627 2641 2640 2639 2439 2592 2591 3756 3755 3754 2596 3532 3531 3524 3522 2234 1462 476 471 2670 2050 817 831 1664 3547 3546 3543 669 1961,3411.8089999999997
4134,4134 4132 4136 3234 1566 2831 2830 2832 2833 2834 1869 2134 1612 1498 3309 3046 1816 1817 2348 3459 3461 4105 4365 4366 4367 3762 3759 3764 3758 4296 1821,2361.3590000000004
3505,3505 3504 3205 2900 2899 1915 3346 4350 4348 4347 3601,498.8660000000001
2599,2599 2602 2604 2495 2496 2498 1395 76,860.9549999999999
2129,2129 3479 4077 1890 4422 4423,312.63
4,4 7 10 1052 1049 2633 2632 2630 2629 2627 2641 2640 2639 2439 2592 2591 3756 3755 3754 2596 3532 3531 3524 3522 2234 1462 476 471 2670 2050 817 831 1664 3547 3546 3543 669 1961,3775.100000000001
38,38 1034 1033 34 36 37 1253 2664 2800 2463 2513 2373 2376 2375 3796 3795 995 1065 1001,1133.873
4144,4144 4143 2355 2940 4349 4348 4347 3601,276.601
4447,4447 4435 4475 4430 4431 1593 4383 2712 3278 4040 3556 3557 3558 348,746.232
1311,1311 1310 2522 2519 2521 2638 450 447 444 441 439 435 431 428 423 1466 1467 3857 3858 3859 2622 2757 2756 2755 2742 2741 2740 1343 1341 2500 2498 1395 76,3654.3259999999996
4200,4200 2678 4205 2677 2679 3878 3879 4212 4327 4078 4330 4243 4083 4082 4084 4085 4086,971.311
3835,3835 3229 4135 4132 4136 3234 1566 2831 2830 2832 2833 2834 1869 2134 1612 1498 3309 3046 1816 1817 2348 3459 3461 4105 4365 4366 4367 3762 3759 3764 3758 4296 1821,2348.3100000000004
2133,2133 1865 1869 2134 1612 1498 3309 3046 1816 1817 2348 3459 3461 4105 4365 4366 4367 3762 3759 3764 3758 4296 1821,1435.5499999999997
2186,2186 2188,138.078
2892,2892 3439 1864 2973 2972 4091 2986 2987 4092 3316 3314 3307 3046 1816 1817 2348 3459 3461 4105 4365 4366 4367 3762 3759 3764 3758 4296 1821,1549.6929999999998
1537,1537 3883 3884 3885 4215 3942 3888 1620 2402 3734 3736 3737 2202 2204 2207 2212 4073 4074 4075 4161 4424 4423,1218.7159999999997
1837,1837 3423 2617 2607 3216 3217 3219 2861 2369 3789 4375 4129 4130 3056 4140 4141 3299 3297 1730,1064.0800000000002
376,376 392 395 2638 450 447 444 441 439 435 431 428 423 1466 1467 3857 3858 3859 2622 2757 2756 2755 2742 2741 2740 1343 1341 2500 2498 1395 76,3599.0609999999997
2884,2884 2882 2888 2608 4389 2610 2782 3852 3850 3783 4335 4333 4336 2354 1915 3346 4350 4348 4347 3601,1209.753
3584,3584 3585 1839 2979 2107 2106 1609 1758 2408 2410 2411 2017 1304 1302 1301 783 2678 4205 2677 2679 3878 3879 4212 4327 4078 4330 4243 4083 4082 4084 4085 4086,1607.9310000000003
4375,4375 4129 4130 3056 4140 4141 3299 3297 1730,491.71899999999994
3880,3880 3719 3717 2424 3519 2235 3635 3634 3633 2240 2232 2234 1462 476 471 2670 2050 817 831 1664 3547 3546 3543 669 1961,1776.281
2103,2103 2104 2098 2097 2100 2099 1928 3507 2022 3598 3597,509.822
4337,4337 4338 3580 3291 3292 3296 3297 1730,564.214
3423,3423 2617 2607 3216 3217 3219 2861 2369 3789 4375 4129 4130 3056 4140 4141 3299 3297 1730,1004.4499999999999
2738,2738 3898 3903 2758 3926 4404 3921 2756 2755 2742 2741 2740 1343 1341 2500 2498 1395 76,1135.143
3444,3444 3443 1814 1859 2944 2943 4294 4292 4295 3450 3438 2972 4091 2986 2987 4092 3316 3314 3307 3046 1816 1817 2348 3459 3461 4105 4365 4366 4367 3762 3759 3764 3758 4296 1821,1903.7339999999995
4203,4203 4307 3485 3487 4187 4188 4189 3163 3167 3164 1962 1957 1961,949.439
1230,1230 2781 2777 2828 3456 3455 3454 3452 3451 2788 2783 1270 1199 3408 3405 4303 4301 4297 4296 1821,2270.2019999999998
3481,3481 3287 3288,123.32
4355,4355 4353 4356 3106 4154 2919 4447 4435 4475 4430 4431 1593 4383 2712 3278 4040 3556 3557 3558 348,1149.3709999999999
2043,2043 2993 4103 3094 3095 3100 2109 2110 2111 1934 2981 3680 3679 2408 2410 2411 2017 1304 1302 1301 783 2678 4205 2677 2679 3878 3879 4212 4327 4078 4330 4243 4083 4082 4084 4085 4086,1880.4620000000002
1739,1739 3308 3314 3307 3046 1816 1817 2348 3459 3461 4105 4365 4366 4367 3762 3759 3764 3758 4296 1821,1108.617
4015,4015 4400 3923 3929 4406 3920 2743 2691 2692 2729 3911 3912 3913 3289 3290 3350 3347 2689 1879 1880 1589 3200 3201,1099.219
1635,1635 3307 3046 1816 1817 2348 3459 3461 4105 4365 4366 4367 3762 3759 3764 3758 4296 1821,1012.9929999999999
4368,4368 3778 4355 4353 4356 3106 4154 2919 4447 4435 4475 4430 4431 1593 4383 2712 3278 4040 3556 3557 3558 348,1270.288
2532,2532 1141 1340 2517 2519 2521 2638 450 447 444 441 439 435 431 428 423 1466 1467 3857 3858 3859 2622 2757 2756 2755 2742 2741 2740 1343 1341 2500 2498 1395 76,3719.2809999999995
1141,1141 1340 2517 2519 2521 2638 450 447 444 441 439 435 431 428 423 1466 1467 3857 3858 3859 2622 2757 2756 2755 2742 2741 2740 1343 1341 2500 2498 1395 76,3551.2399999999993
1265,1265 1254 2476 2478 2664 2800 2463 2513 2373 2376 2375 3796 3795 995 1065 1001,1136.472
3932,3932 4177 4176 4175 2774 3838 639,543.228
355,355 1369 1371 1361 375 1400 1055 2219 2217 781 1502 2790 1496 817 831 1664 3547 3546 3543 669 1961,1312.849
2837,2837 3945 4421 3944 4418 3947 3227 4052 4222 3389 3392 3253 3387 3388 2420 3015 3014 3012 2343 3766 3768 3765 3324 3761 3759 3764 3758 4296 1821,1800.7659999999992
3090,3090 3089 3088 3086,263.59299999999996
3777,3777 3409 3112 2949,215.80899999999997
2931,2931 3743 3481 3287 3288,231.639
3214,3214 3189 3190 4000 4317 4318 4319 1928 3507 2022 3598 3597,526.196
2206,2206 3066 2212 4073 4074 4075 4161 4424 4423,567.672
1329,1329 1334 1340 2517 2519 2521 2638 450 447 444 441 439 435 431 428 423 1466 1467 3857 3858 3859 2622 2757 2756 2755 2742 2741 2740 1343 1341 2500 2498 1395 76,3564.9269999999997
698,698 2056 3636 4059 4055 4271 1764 3638 3639 3640 2995 3637 2916 4038 2917 3556 3557 3558 348,1171.5669999999998
4248,4248 4247 4368 3778 4355 4353 4356 3106 4154 2919 4447 4435 4475 4430 4431 1593 4383 2712 3278 4040 3556 3557 3558 348,1291.4260000000002
482,482 1500 1502 2790 1496 817 831 1664 3547 3546 3543 669 1961,944.346
4213,4213 3943 3195 2750 2753 2754 2893 745 2258 2952 3776 3774 3777 3409 3112 2949,1118.684
3421,3421 3422 3423 2617 2607 3216 3217 3219 2861 2369 3789 4375 4129 4130 3056 4140 4141 3299 3297 1730,1141.6589999999999
2984,2984 4085 4086,77.906
1721,1721 4254 4251 4248 4247 4368 3778 4355 4353 4356 3106 4154 2919 4447 4435 4475 4430 4431 1593 4383 2712 3278 4040 3556 3557 3558 348,1663.1090000000004
4345,4345 3297 1730,147.335
1927,1927 4349 4348 4347 3601,229.575
1942,1942 2240 2232 2234 1462 476 471 2670 2050 817 831 1664 3547 3546 3543 669 1961,1513.2029999999997
3256,3256 4239 4240 4191 3416 3417 3535 3177 3533 3097 3096 2406 3413 2020 1304 1302 1301 783 2678 4205 2677 2679 3878 3879 4212 4327 4078 4330 4243 4083 4082 4084 4085 4086,1720.1470000000002
1755,1755 1909 2954 2953 3583 3582 3681 3680 3679 2408 2410 2411 2017 1304 1302 1301 783 2678 4205 2677 2679 3878 3879 4212 4327 4078 4330 4243 4083 4082 4084 4085 4086,1782.6380000000001
68,68 1384 1393 1395 76,450.503
3370,3370 4146 4147 4148 3607 3609 4013 4011 4014 3508 4002 4317 4318 4319 1928 3507 2022 3598 3597,934.122
3647,3647 3092 2869 2189 2183 3089 3088 3086,431.682
2151,2151 2042 3629 3492 3491 2301 3632 3631 3630 2044 2045 2046 2048 3633 2240 2232 2234 1462 476 471 2670 2050 817 831 1664 3547 3546 3543 669 1961,1896.998
4029,4029 4032 2921 2808 3678 2890 1889 1887 2090 2971 3206 2695,544.991
3066,3066 2212 4073 4074 4075 4161 4424 4423,519.971
3739,3739 3740 3741 3742 2194 2191 2195 2183 3089 3088 3086,891.5069999999998
2205,2205 2206 3066 2212 4073 4074 4075 4161 4424 4423,609.638
402,402 2874 2748 2747 2216 4022 4021 4027 3648 3645 3647 3092 2869 2189 2183 3089 3088 3086,1337.7679999999998
2522,2522 2519 2521 2638 450 447 444 441 439 435 431 428 423 1466 1467 3857 3858 3859 2622 2757 2756 2755 2742 2741 2740 1343 1341 2500 2498 1395 76,3580.8159999999993
3633,3633 2240 2232 2234 1462 476 471 2670 2050 817 831 1664 3547 3546 3543 669 1961,1325.9219999999998
2671,2671 2884 2882 2888 2608 4389 2610 2782 3852 3850 3783 4335 4333 4336 2354 1915 3346 4350 4348 4347 3601,1278.48
4158,4158 3118 2667 2670 2050 817 831 1664 3547 3546 3543 669 1961,1310.0149999999999
2421,2421 1872 4235 4236 4237 3254 2245 2244 3758 4296 1821,652.2900000000001
2974,2974 1598 1585 2672 2884 2882 2888 2608 4389 2610 2782 3852 3850 3783 4335 4333 4336 2354 1915 3346 4350 4348 4347 3601,1606.069
2930,2930 4075 4161 4424 4423,231.563
2420,2420 3015 3014 3012 2343 3766 3768 3765 3324 3761 3759 3764 3758 4296 1821,666.863
4325,4325 4145 4144 4143 2355 2940 4349 4348 4347 3601,364.14199999999994
187,187 181 2224 1373 2720 2718 2713 2661 1446 1456 482 1500 1502 2790 1496 817 831 1664 3547 3546 3543 669 1961,2206.581
1420,1420 1419 1603 2952 3776 3774 3777 3409 3112 2949,742.717
2065,2065 2066 1710 3265 2084 2905 2906 3241 3242 3243 2067 3244 3245 3246 2933 3647 3092 2869 2189 2183 3089 3088 3086,1133.332
3186,3186 4390 2613 2609 2608 4389 2610 2782 3852 3850 3783 4335 4333 4336 2354 1915 3346 4350 4348 4347 3601,1126.6229999999998
3242,3242 3243 2067 3244 3245 3246 2933 3647 3092 2869 2189 2183 3089 3088 3086,755.531
1412,1412 2748 2747 2216 4022 4021 4027 3648 3645 3647 3092 2869 2189 2183 3089 3088 3086,1302.019
3934,3934 3961 3958 3962 4284 4106 4107 4108 3564 3482 3483 3474 3475 3478 3481 3287 3288,1174.451
2721,2721 2722 2723 938 1076 1092 2598 2599 2602 2604 2495 2496 2498 1395 76,1626.9830000000004
4055,4055 4271 1764 3638 3639 3640 2995 3637 2916 4038 2917 3556 3557 3558 348,942.504
617,617 2323 2321 2322 2418 2417 2738 3898 3903 2758 3926 4404 3921 2756 2755 2742 2741 2740 1343 1341 2500 2498 1395 76,1791.2050000000004
1381,1381 1383 1384 1393 1395 76,354.067
1464,1464 1465 1466 1467 3857 3858 3859 2622 2757 2756 2755 2742 2741 2740 1343 1341 2500 2498 1395 76,1452.0729999999999
3913,3913 3289 3290 3350 3347 2689 1879 1880 1589 3200 3201,375.465
3926,3926 4404 3921 2756 2755 2742 2741 2740 1343 1341 2500 2498 1395 76,813.9519999999999
2152,2152 3517 3586 3587 3584 3585 1839 2979 2107 2106 1609 1758 2408 2410 2411 2017 1304 1302 1301 783 2678 4205 2677 2679 3878 3879 4212 4327 4078 4330 4243 4083 4082 4084 4085 4086,1756.7890000000002
3877,3877 3876 2884 2882 2888 2608 4389 2610 2782 3852 3850 3783 4335 4333 4336 2354 1915 3346 4350 4348 4347 3601,1337.056
869,869 2424 3519 2235 3635 3634 3633 2240 2232 2234 1462 476 471 2670 2050 817 831 1664 3547 3546 3543 669 1961,1657.915
4160,4160 4159 4155 3118 2667 2670 2050 817 831 1664 3547 3546 3543 669 1961,1355.439
91,91 283 371 1104 2678 4205 2677 2679 3878 3879 4212 4327 4078 4330 4243 4083 4082 4084 4085 4086,1002.068
3578,3578 3937 3961 3958 3962 4284 4106 4107 4108 3564 3482 3483 3474 3475 3478 3481 3287 3288,1184.857
2041,2041 2040 2039 2036 2037 3109 2924 2857 2855 2859 2304 3537 1758 2408 2410 2411 2017 1304 1302 1301 783 2678 4205 2677 2679 3878 3879 4212 4327 4078 4330 4243 4083 4082 4084 4085 4086,1968.988
2444,2444 1800 1813 1548 1568 779 2818 3946 2817 3948 3440 3441 3225 3226 3772 4089 4100 3800 3386 3387 3388 2420 3015 3014 3012 2343 3766 3768 3765 3324 3761 3759 3764 3758 4296 1821,2023.946
3133,3133 3136 4167 2912 2938 4146 4147 4148 3607 3609 4013 4011 4014 3508 4002 4317 4318 4319 1928 3507 2022 3598 3597,1417.414
4031,4031 4029 4032 2921 2808 3678 2890 1889 1887 2090 2971 3206 2695,620.9540000000001
2078,2078 1787 1746 1748,308.783
1704,1704 1115 1119 1127 1116 1118 2687 2688 527 1527 489 3883 3884 3885 4215 3942 3888 1620 2402 3734 3736 3737 2202 2204 2207 2212 4073 4074 4075 4161 4424 4423,1498.6179999999995
2359,2359 3443 1814 1859 2944 2943 4294 4292 4295 3450 3438 2972 4091 2986 2987 4092 3316 3314 3307 3046 1816 1817 2348 3459 3461 4105 4365 4366 4367 3762 3759 3764 3758 4296 1821,1878.4119999999998
2279,2279 3693 3694 3695 2255 2423 3882 3880 3719 3717 2424 3519 2235 3635 3634 3633 2240 2232 2234 1462 476 471 2670 2050 817 831 1664 3547 3546 3543 669 1961,2089.807
4358,4358 4359 3637 2916 4038 2917 3556 3557 3558 348,544.7610000000001
3188,3188 3187 3186 4390 2613 2609 2608 4389 2610 2782 3852 3850 3783 4335 4333 4336 2354 1915 3346 4350 4348 4347 3601,1308.488
3649,3649 3650 2074 2079 2080 3249 3250 3251 1711 1751 1749 1746 1748,551.7680000000001
3385,3385 3384 4087 4090 4088 4098 4100 3800 3386 3387 3388 2420 3015 3014 3012 2343 3766 3768 3765 3324 3761 3759 3764 3758 4296 1821,1431.0499999999997
1844,1844 1981 3577 3421 3422 3423 2617 2607 3216 3217 3219 2861 2369 3789 4375 4129 4130 3056 4140 4141 3299 3297 1730,1303.1519999999998
2011,2011 3491 2301 3632 3631 3630 2044 2045 2046 2048 3633 2240 2232 2234 1462 476 471 2670 2050 817 831 1664 3547 3546 3543 669 1961,1820.7
4118,4118 4114 4111 4257 4258 4246 4247 4368 3778 4355 4353 4356 3106 4154 2919 4447 4435 4475 4430 4431 1593 4383 2712 3278 4040 3556 3557 3558 348,1783.8850000000004
3960,3960 3860 3141 3142 3143 4109 4107 4108 3564 3482 3483 3474 3475 3478 3481 3287 3288,1100.369
3321,3321 2760 1976 3570 1991 3565 2129 3479 4077 1890 4422 4423,728.928
2062,2062 2268 2898 4023 4026 4024 3247 3646 3645 3647 3092 2869 2189 2183 3089 3088 3086,1180.8790000000001
3767,3767 4367 3762 3759 3764 3758 4296 1821,517.301
3329,3329 3784 3572 4332 3574 3345 2023 3600 4347 3601,626.249
3550,3550 4329 3551 4083 4082 4084 4085 4086,426.09999999999997
2237,2237 2240 2232 2234 1462 476 471 2670 2050 817 831 1664 3547 3546 3543 669 1961,1393.108
3664,3664 3940 3673 702 704 716,449.80199999999996
3924,3924 3123 3994 3920 2743 2691 2692 2729 3911 3912 3913 3289 3290 3350 3347 2689 1879 1880 1589 3200 3201,938.8270000000001
1787,1787 1746 1748,200.59
4264,4264 4265 3486 3286 4266 4267 4268 3548 2252 3169 3543 669 1961,976.6940000000002
3509,3509 4316 4318 4319 1928 3507 2022 3598 3597,393.69
3356,3356 2065 2066 1710 3265 2084 2905 2906 3241 3242 3243 2067 3244 3245 3246 2933 3647 3092 2869 2189 2183 3089 3088 3086,1189.364
2366,2366 2365 2944 2943 4294 4292 4295 3450 3438 2972 4091 2986 2987 4092 3316 3314 3307 3046 1816 1817 2348 3459 3461 4105 4365 4366 4367 3762 3759 3764 3758 4296 1821,1848.6689999999999
3784,3784 3572 4332 3574 3345 2023 3600 4347 3601,507.40999999999997
1249,1249 2657 2661 1446 1456 482 1500 1502 2790 1496 817 831 1664 3547 3546 3543 669 1961,1466.1139999999998
1100,1100 2606 2618 3682 2687 2688 527 1527 489 3883 3884 3885 4215 3942 3888 1620 2402 3734 3736 3737 2202 2204 2207 2212 4073 4074 4075 4161 4424 4423,1511.3709999999996
283,283 371 1104 2678 4205 2677 2679 3878 3879 4212 4327 4078 4330 4243 4083 4082 4084 4085 4086,995.536
4033,4033 4034 4035 2021 2022 3598 3597,343.811
3816,3816 3821 3074 2444 1800 1813 1548 1568 779 2818 3946 2817 3948 3440 3441 3225 3226 3772 4089 4100 3800 3386 3387 3388 2420 3015 3014 3012 2343 3766 3768 3765 3324 3761 3759 3764 3758 4296 1821,2427.527
3659,3659 3661 3662 3664 3940 3673 702 704 716,613.0200000000001
903,903 3155 2764 2765 1603 2952 3776 3774 3777 3409 3112 2949,775.335
1918,1918 2023 3600 4347 3601,250.93
4484,4484 4470 4469 4451 2845 3192 3197 2821 1529 1420 1419 1603 2952 3776 3774 3777 3409 3112 2949,1378.0279999999998
1857,1857 3441 3225 3226 3772 4089 4100 3800 3386 3387 3388 2420 3015 3014 3012 2343 3766 3768 3765 3324 3761 3759 3764 3758 4296 1821,1582.1089999999995
1688,1688 1687 1696 2345 2348 3459 3461 4105 4365 4366 4367 3762 3759 3764 3758 4296 1821,958.7049999999999
3631,3631 3630 2044 2045 2046 2048 3633 2240 2232 2234 1462 476 471 2670 2050 817 831 1664 3547 3546 3543 669 1961,1604.897
3869,3869 2882 2888 2608 4389 2610 2782 3852 3850 3783 4335 4333 4336 2354 1915 3346 4350 4348 4347 3601,1200.648
1831,1831 3965 3964 3963 3418 3536 3533 3097 3096 2406 3413 2020 1304 1302 1301 783 2678 4205 2677 2679 3878 3879 4212 4327 4078 4330 4243 4083 4082 4084 4085 4086,1616.9560000000001
4224,4224 3391 3390 3388 2420 3015 3014 3012 2343 3766 3768 3765 3324 3761 3759 3764 3758 4296 1821,1017.128
2235,2235 3635 3634 3633 2240 2232 2234 1462 476 471 2670 2050 817 831 1664 3547 3546 3543 669 1961,1444.9479999999999
3861,3861 3862 3863 2702 2701 3727 4050 4444 4008 3996 2936 2264 782 458 1508 344 3677 2852 2092 2093 2694 3206 2695,971.2500000000001
2821,2821 1529 1420 1419 1603 2952 3776 3774 3777 3409 3112 2949,874.654
3849,3849 2864 3870 3872 3850 3783 4335 4333 4336 2354 1915 3346 4350 4348 4347 3601,997.6149999999999
2734,2734 3477 3478 3481 3287 3288,297.146
1985,1985 1984 1983 3936 2802 2842 3323 4269 4270 4341 4342 3368 3367 2734 3477 3478 3481 3287 3288,1201.3169999999998
4053,4053 4055 4271 1764 3638 3639 3640 2995 3637 2916 4038 2917 3556 3557 3558 348,1054.54
895,895 1570 1490 1536 2454 2458 2459 2831 2830 2832 2833 2834 1869 2134 1612 1498 3309 3046 1816 1817 2348 3459 3461 4105 4365 4366 4367 3762 3759 3764 3758 4296 1821,2374.9550000000004
2831,2831 2830 2832 2833 2834 1869 2134 1612 1498 3309 3046 1816 1817 2348 3459 3461 4105 4365 4366 4367 3762 3759 3764 3758 4296 1821,1938.3709999999996
3733,3733 2701 3727 4050 4444 4008 3996 2936 2264 782 458 1508 344 3677 2852 2092 2093 2694 3206 2695,855.2080000000001
1220,1220 1219 1213 192 1222 1061 1065 1001,664.04
2448,2448 3834 3835 3229 4135 4132 4136 3234 1566 2831 2830 2832 2833 2834 1869 2134 1612 1498 3309 3046 1816 1817 2348 3459 3461 4105 4365 4366 4367 3762 3759 3764 3758 4296 1821,2424.1040000000003
4409,4409 4411 3458 3457 3153 2534 3836 4232 3838 639,634.95
2035,2035 2313 3619 2303 3109 2924 2857 2855 2859 2304 3537 1758 2408 2410 2411 2017 1304 1302 1301 783 2678 4205 2677 2679 3878 3879 4212 4327 4078 4330 4243 4083 4082 4084 4085 4086,2011.8270000000002
489,489 3883 3884 3885 4215 3942 3888 1620 2402 3734 3736 3737 2202 2204 2207 2212 4073 4074 4075 4161 4424 4423,1205.8859999999995
1944,1944 1946 1947,75.261
992,992 2535 2536 3795 995 1065 1001,336.937
3998,3998 3845 2879 4005 4323 4321 4324 3215 4221 3507 2022 3598 3597,767.877
1846,1846 3822 3827 2427 3376 3373 3377 3137 3138 3889 2759 3321 2760 1976 3570 1991 3565 2129 3479 4077 1890 4422 4423,1416.7849999999999
3136,3136 4167 2912 2938 4146 4147 4148 3607 3609 4013 4011 4014 3508 4002 4317 4318 4319 1928 3507 2022 3598 3597,1296.1680000000001
2172,2172 3643 2061 2062 2268 2898 4023 4026 4024 3247 3646 3645 3647 3092 2869 2189 2183 3089 3088 3086,1341.62
1250,1250 2713 2661 1446 1456 482 1500 1502 2790 1496 817 831 1664 3547 3546 3543 669 1961,1458.355
447,447 444 441 439 435 431 428 423 1466 1467 3857 3858 3859 2622 2757 2756 2755 2742 2741 2740 1343 1341 2500 2498 1395 76,2805.928
3769,3769 3325 3326 3764 3758 4296 1821,385.759
3729,3729 3732 3728 3726 4050 4444 4008 3996 2936 2264 782 458 1508 344 3677 2852 2092 2093 2694 3206 2695,821.268
372,372 1399 3506 4334 1922 1916 2900 2899 1915 3346 4350 4348 4347 3601,639.4060000000001
2194,2194 2191 2195 2183 3089 3088 3086,321.762
609,609 3361 3362 3363 3360 3782 4277 3862 3863 2702 2701 3727 4050 4444 4008 3996 2936 2264 782 458 1508 344 3677 2852 2092 2093 2694 3206 2695,1367.084
3738,3738 4022 4021 4027 3648 3645 3647 3092 2869 2189 2183 3089 3088 3086,1090.677
3715,3715 3716 3524 3522 2234 1462 476 471 2670 2050 817 831 1664 3547 3546 3543 669 1961,1523.5249999999999
3277,3277 3278 4040 3556 3557 3558 348,322.486
3780,3780 3355 3867 3865 3863 2702 2701 3727 4050 4444 4008 3996 2936 2264 782 458 1508 344 3677 2852 2092 2093 2694 3206 2695,1105.265
2139,2139 3532 3531 3524 3522 2234 1462 476 471 2670 2050 817 831 1664 3547 3546 3543 669 1961,1572.676
2938,2938 4146 4147 4148 3607 3609 4013 4011 4014 3508 4002 4317 4318 4319 1928 3507 2022 3598 3597,1033.4389999999999
2521,2521 2638 450 447 444 441 439 435 431 428 423 1466 1467 3857 3858 3859 2622 2757 2756 2755 2742 2741 2740 1343 1341 2500 2498 1395 76,3351.5559999999996
3316,3316 3314 3307 3046 1816 1817 2348 3459 3461 4105 4365 4366 4367 3762 3759 3764 3758 4296 1821,1099.209
2468,2468 2515 982 1276 2673 2674 2375 3796 3795 995 1065 1001,727.7929999999999
3770,3770 2761 1420 1419 1603 2952 3776 3774 3777 3409 3112 2949,873.995
4343,4343 4346 4344 3601,155.578
1793,1793 1701 1527 489 3883 3884 3885 4215 3942 3888 1620 2402 3734 3736 3737 2202 2204 2207 2212 4073 4074 4075 4161 4424 4423,1391.8019999999997
4309,4309 3707 2152 3517 3586 3587 3584 3585 1839 2979 2107 2106 1609 1758 2408 2410 2411 2017 1304 1302 1301 783 2678 4205 2677 2679 3878 3879 4212 4327 4078 4330 4243 4083 4082 4084 4085 4086,1844.534
1674,1674 3171 3170 574 1880 1589 3200 3201,462.64899999999994
3611,3611 4352 4353 4356 3106 4154 2919 4447 4435 4475 4430 4431 1593 4383 2712 3278 4040 3556 3557 3558 348,1269.968
2393,2393 2381 2653 2657 2661 1446 1456 482 1500 1502 2790 1496 817 831 1664 3547 3546 3543 669 1961,1661.008
2264,2264 782 458 1508 344 3677 2852 2092 2093 2694 3206 2695,286.33299999999997
2915,2915 4380 4381 4383 2712 3278 4040 3556 3557 3558 348,550.535
2095,2095 2158 2159 2160 2157 3715 3716 3524 3522 2234 1462 476 471 2670 2050 817 831 1664 3547 3546 3543 669 1961,1746.186
4171,4171 4172 1818 1759 2421 1872 4235 4236 4237 3254 2245 2244 3758 4296 1821,937.612
4028,4028 2922 3912 3913 3289 3290 3350 3347 2689 1879 1880 1589 3200 3201,594.525
2869,2869 2189 2183 3089 3088 3086,309.157
623,623 2897 4025 2068 3248 3646 3645 3647 3092 2869 2189 2183 3089 3088 3086,1036.331
3427,3427 3428 3430 2359 3443 1814 1859 2944 2943 4294 4292 4295 3450 3438 2972 4091 2986 2987 4092 3316 3314 3307 3046 1816 1817 2348 3459 3461 4105 4365 4366 4367 3762 3759 3764 3758 4296 1821,2112.1399999999994
1361,1361 375 1400 1055 2219 2217 781 1502 2790 1496 817 831 1664 3547 3546 3543 669 1961,1252.442
2478,2478 2664 2800 2463 2513 2373 2376 2375 3796 3795 995 1065 1001,992.4859999999999
2805,2805 3938 3939 3940 3673 702 704 716,596.362
3,3 4 7 10 1052 1049 2633 2632 2630 2629 2627 2641 2640 2639 2439 2592 2591 3756 3755 3754 2596 3532 3531 3524 3522 2234 1462 476 471 2670 2050 817 831 1664 3547 3546 3543 669 1961,3975.002
2026,2026 3791 4012 2105 2103 2104 2098 2097 2100 2099 1928 3507 2022 3598 3597,709.0919999999999
2225,2225 2227 2230 3565 2129 3479 4077 1890 4422 4423,501.112
3975,3975 3976 3578 3937 3961 3958 3962 4284 4106 4107 4108 3564 3482 3483 3474 3475 3478 3481 3287 3288,1313.4739999999997
3046,3046 1816 1817 2348 3459 3461 4105 4365 4366 4367 3762 3759 3764 3758 4296 1821,930.4449999999999
817,817 831 1664 3547 3546 3543 669 1961,851.1890000000001
4327,4327 4078 4330 4243 4083 4082 4084 4085 4086,569.3779999999999
2429,2429 2430 2431 2432 1837 3423 2617 2607 3216 3217 3219 2861 2369 3789 4375 4129 4130 3056 4140 4141 3299 3297 1730,1349.6969999999997
1280,1280 1284 3594 3595 3596 2019 1104 2678 4205 2677 2679 3878 3879 4212 4327 4078 4330 4243 4083 4082 4084 4085 4086,1248.9440000000002
865,865 867 2072 2069 3250 3251 1711 1751 1749 1746 1748,502.8320000000001
610,610 1768 3362 3363 3360 3782 4277 3862 3863 2702 2701 3727 4050 4444 4008 3996 2936 2264 782 458 1508 344 3677 2852 2092 2093 2694 3206 2695,1380.663
2108,2108 3583 3582 3681 3680 3679 2408 2410 2411 2017 1304 1302 1301 783 2678 4205 2677 2679 3878 3879 4212 4327 4078 4330 4243 4083 4082 4084 4085 4086,1642.1020000000003
3221,3221 2265 2264 782 458 1508 344 3677 2852 2092 2093 2694 3206 2695,498.323
4237,4237 3254 2245 2244 3758 4296 1821,346.428
2500,2500 2498 1395 76,296.166
1928,1928 3507 2022 3598 3597,159.489
3697,3697 3698 3693 3694 3695 2255 2423 3882 3880 3719 3717 2424 3519 2235 3635 3634 3633 2240 2232 2234 1462 476 471 2670 2050 817 831 1664 3547 3546 3543 669 1961,2158.011
3867,3867 3865 3863 2702 2701 3727 4050 4444 4008 3996 2936 2264 782 458 1508 344 3677 2852 2092 2093 2694 3206 2695,993.676
3576,3576 1844 1981 3577 3421 3422 3423 2617 2607 3216 3217 3219 2861 2369 3789 4375 4129 4130 3056 4140 4141 3299 3297 1730,1355.3659999999998
4209,4209 3487 4187 4188 4189 3163 3167 3164 1962 1957 1961,798.798
3613,3613 4257 4258 4246 4247 4368 3778 4355 4353 4356 3106 4154 2919 4447 4435 4475 4430 4431 1593 4383 2712 3278 4040 3556 3557 3558 348,1560.219
3922,3922 2756 2755 2742 2741 2740 1343 1341 2500 2498 1395 76,653.161
1473,1473 1476 1479 1482 1484 468 1060 1058 1395 76,1114.411
3388,3388 2420 3015 3014 3012 2343 3766 3768 3765 3324 3761 3759 3764 3758 4296 1821,780.1160000000001
3155,3155 2764 2765 1603 2952 3776 3774 3777 3409 3112 2949,741.97
3175,3175 3535 3177 3533 3097 3096 2406 3413 2020 1304 1302 1301 783 2678 4205 2677 2679 3878 3879 4212 4327 4078 4330 4243 4083 4082 4084 4085 4086,1528.1520000000003
4075,4075 4161 4424 4423,149.704
3902,3902 3927 2758 3926 4404 3921 2756 2755 2742 2741 2740 1343 1341 2500 2498 1395 76,1097.604
3555,3555 3554 2983 2984 4085 4086,197.107
2942,2942 1857 3441 3225 3226 3772 4089 4100 3800 3386 3387 3388 2420 3015 3014 3012 2343 3766 3768 3765 3324 3761 3759 3764 3758 4296 1821,1665.0219999999995
2355,2355 2940 4349 4348 4347 3601,207.68699999999998
3721,3721 3720 3723 3710 3712 3713 3521 2237 2240 2232 2234 1462 476 471 2670 2050 817 831 1664 3547 3546 3543 669 1961,1785.691
3519,3519 2235 3635 3634 3633 2240 2232 2234 1462 476 471 2670 2050 817 831 1664 3547 3546 3543 669 1961,1494.7679999999998
702,702 704 716,209.816
3750,3750 4079 4080 4244 4242 4245 4082 4084 4085 4086,577.927
2950,2950 3777 3409 3112 2949,346.04699999999997
2685,2685 2686 2422 3881 3880 3719 3717 2424 3519 2235 3635 3634 3633 2240 2232 2234 1462 476 471 2670 2050 817 831 1664 3547 3546 3543 669 1961,1898.667
3878,3878 3879 4212 4327 4078 4330 4243 4083 4082 4084 4085 4086,733.3979999999999
2800,2800 2463 2513 2373 2376 2375 3796 3795 995 1065 1001,792.6519999999998
3532,3532 3531 3524 3522 2234 1462 476 471 2670 2050 817 831 1664 3547 3546 3543 669 1961,1555.558
2419,2419 3914 2732 3916 2749 3930 4407 4405 4404 3921 2756 2755 2742 2741 2740 1343 1341 2500 2498 1395 76,1353.7910000000002
2252,2252 3169 3543 669 1961,397.763
3640,3640 2995 3637 2916 4038 2917 3556 3557 3558 348,529.6850000000001
1106,1106 4285 4289 4290 3999 3846 3847 4005 4323 4321 4324 3215 4221 3507 2022 3598 3597,898.8
781,781 1502 2790 1496 817 831 1664 3547 3546 3543 669 1961,925.624
935,935 2800 2463 2513 2373 2376 2375 3796 3795 995 1065 1001,992.5529999999999
2686,2686 2422 3881 3880 3719 3717 2424 3519 2235 3635 3634 3633 2240 2232 2234 1462 476 471 2670 2050 817 831 1664 3547 3546 3543 669 1961,1864.492
4000,4000 4317 4318 4319 1928 3507 2022 3598 3597,384.57800000000003
2684,2684 2422 3881 3880 3719 3717 2424 3519 2235 3635 3634 3633 2240 2232 2234 1462 476 471 2670 2050 817 831 1664 3547 3546 3543 669 1961,1881.54
4372,4372 4339 3787 3293 3292 3296 3297 1730,576.436
3392,3392 3253 3387 3388 2420 3015 3014 3012 2343 3766 3768 3765 3324 3761 3759 3764 3758 4296 1821,978.509
1966,1966 1965 1753 2982 3554 2983 2984 4085 4086,354.2489999999999
2731,2731 3918 3917 3919 3923 3929 4406 3920 2743 2691 2692 2729 3911 3912 3913 3289 3290 3350 3347 2689 1879 1880 1589 3200 3201,1266.1449999999998
3741,3741 3742 2194 2191 2195 2183 3089 3088 3086,609.807
2790,2790 1496 817 831 1664 3547 3546 3543 669 1961,890.347
3965,3965 3964 3963 3418 3536 3533 3097 3096 2406 3413 2020 1304 1302 1301 783 2678 4205 2677 2679 3878 3879 4212 4327 4078 4330 4243 4083 4082 4084 4085 4086,1562.1940000000002
1586,1586 2978 2908 3173 3839 2912 2938 4146 4147 4148 3607 3609 4013 4011 4014 3508 4002 4317 4318 4319 1928 3507 2022 3598 3597,1633.1689999999999
3291,3291 3292 3296 3297 1730,366.417
3937,3937 3961 3958 3962 4284 4106 4107 4108 3564 3482 3483 3474 3475 3478 3481 3287 3288,1102.687
1943,1943 1944 1946 1947,111.216
138,138 2737 2736 3901 3900 4399 3927 2758 3926 4404 3921 2756 2755 2742 2741 2740 1343 1341 2500 2498 1395 76,1603.828
4206,4206 4211 4212 4327 4078 4330 4243 4083 4082 4084 4085 4086,702.619
3265,3265 2084 2905 2906 3241 3242 3243 2067 3244 3245 3246 2933 3647 3092 2869 2189 2183 3089 3088 3086,1006.4490000000001
4419,4419 4413 4417 4416 4228 4226 4224 3391 3390 3388 2420 3015 3014 3012 2343 3766 3768 3765 3324 3761 3759 3764 3758 4296 1821,1531.0459999999994
1781,1781 1777 1578 1726 1727 590 2196 2197 1943 1944 1946 1947,579.771
1875,1875 3866 3865 3863 2702 2701 3727 4050 4444 4008 3996 2936 2264 782 458 1508 344 3677 2852 2092 2093 2694 3206 2695,1018.2850000000001
2402,2402 3734 3736 3737 2202 2204 2207 2212 4073 4074 4075 4161 4424 4423,800.0100000000001
2395,2395 2396 3738 4022 4021 4027 3648 3645 3647 3092 2869 2189 2183 3089 3088 3086,1307.3410000000001
3977,3977 2868 3371 3934 3961 3958 3962 4284 4106 4107 4108 3564 3482 3483 3474 3475 3478 3481 3287 3288,1430.8880000000001
4435,4435 4475 4430 4431 1593 4383 2712 3278 4040 3556 3557 3558 348,684.3950000000001
4291,4291 1815 3385 3384 4087 4090 4088 4098 4100 3800 3386 3387 3388 2420 3015 3014 3012 2343 3766 3768 3765 3324 3761 3759 3764 3758 4296 1821,1551.3829999999998
2880,2880 4000 4317 4318 4319 1928 3507 2022 3598 3597,449.60900000000004
3723,3723 3710 3712 3713 3521 2237 2240 2232 2234 1462 476 471 2670 2050 817 831 1664 3547 3546 3543 669 1961,1647.031
2017,2017 1304 1302 1301 783 2678 4205 2677 2679 3878 3879 4212 4327 4078 4330 4243 4083 4082 4084 4085 4086,1205.3990000000001
4461,4461 4337 4338 3580 3291 3292 3296 3297 1730,680.9490000000001
2619,2619 2414 3085 3854 3075 1554 1549 1568 779 2818 3946 2817 3948 3440 3441 3225 3226 3772 4089 4100 3800 3386 3387 3388 2420 3015 3014 3012 2343 3766 3768 3765 3324 3761 3759 3764 3758 4296 1821,2424.7549999999997
231,231 2322 2418 2417 2738 3898 3903 2758 3926 4404 3921 2756 2755 2742 2741 2740 1343 1341 2500 2498 1395 76,1525.3320000000003
3557,3557 3558 348,167.704
3947,3947 3227 4052 4222 3389 3392 3253 3387 3388 2420 3015 3014 3012 2343 3766 3768 3765 3324 3761 3759 3764 3758 4296 1821,1452.9539999999997
4322,4322 3511 4219 4035 2021 2022 3598 3597,409.85100000000006
3572,3572 4332 3574 3345 2023 3600 4347 3601,447.64599999999996
1523,1523 2829 2830 2832 2833 2834 1869 2134 1612 1498 3309 3046 1816 1817 2348 3459 3461 4105 4365 4366 4367 3762 3759 3764 3758 4296 1821,2028.254
4439,4439 4440 4441 4020 4072 3268 3266 2056 3636 4059 4055 4271 1764 3638 3639 3640 2995 3637 2916 4038 2917 3556 3557 3558 348,1519.4250000000002
2817,2817 3948 3440 3441 3225 3226 3772 4089 4100 3800 3386 3387 3388 2420 3015 3014 3012 2343 3766 3768 3765 3324 3761 3759 3764 3758 4296 1821,1666.8849999999998
4342,4342 3368 3367 2734 3477 3478 3481 3287 3288,442.18299999999994
3187,3187 3186 4390 2613 2609 2608 4389 2610 2782 3852 3850 3783 4335 4333 4336 2354 1915 3346 4350 4348 4347 3601,1181.8819999999998
4229,4229 2241 2242 2243 1493,270.59900000000005
131,131 356 893 895 1570 1490 1536 2454 2458 2459 2831 2830 2832 2833 2834 1869 2134 1612 1498 3309 3046 1816 1817 2348 3459 3461 4105 4365 4366 4367 3762 3759 3764 3758 4296 1821,2447.425
2358,2358 1814 1859 2944 2943 4294 4292 4295 3450 3438 2972 4091 2986 2987 4092 3316 3314 3307 3046 1816 1817 2348 3459 3461 4105 4365 4366 4367 3762 3759 3764 3758 4296 1821,1853.3819999999996
4279,4279 4401 4403 3992 3993 4442 4048 4031 4029 4032 2921 2808 3678 2890 1889 1887 2090 2971 3206 2695,1058.249
392,392 395 2638 450 447 444 441 439 435 431 428 423 1466 1467 3857 3858 3859 2622 2757 2756 2755 2742 2741 2740 1343 1341 2500 2498 1395 76,3399.1589999999997
3991,3991 3298 3990 3297 1730,253.221
4475,4475 4430 4431 1593 4383 2712 3278 4040 3556 3557 3558 348,619.202
2913,2913 3488 2992 2991 2100 2099 1928 3507 2022 3598 3597,605.588
1889,1889 1887 2090 2971 3206 2695,295.577
3790,3790 3575 3327 1917 3574 3345 2023 3600 4347 3601,546.0619999999999
3098,3098 4144 4143 2355 2940 4349 4348 4347 3601,356.07399999999996
4278,4278 4276 4279 4401 4403 3992 3993 4442 4048 4031 4029 4032 2921 2808 3678 2890 1889 1887 2090 2971 3206 2695,1233.9300000000003
2020,2020 1304 1302 1301 783 2678 4205 2677 2679 3878 3879 4212 4327 4078 4330 4243 4083 4082 4084 4085 4086,1205.8450000000003
2870,2870 1573 3092 2869 2189 2183 3089 3088 3086,418.435
3730,3730 3724 4362 2847 2805 3938 3939 3940 3673 702 704 716,769.8389999999999
3794,3794 4012 2105 2103 2104 2098 2097 2100 2099 1928 3507 2022 3598 3597,673.1609999999998
4098,4098 4100 3800 3386 3387 3388 2420 3015 3014 3012 2343 3766 3768 3765 3324 3761 3759 3764 3758 4296 1821,1108.71
1717,1717 623 2897 4025 2068 3248 3646 3645 3647 3092 2869 2189 2183 3089 3088 3086,1122.835
938,938 1076 1092 2598 2599 2602 2604 2495 2496 2498 1395 76,1359.0730000000003
1077,1077 1092 2598 2599 2602 2604 2495 2496 2498 1395 76,1316.7910000000004
3673,3673 702 704 716,409.715
2005,2005 2007 3584 3585 1839 2979 2107 2106 1609 1758 2408 2410 2411 2017 1304 1302 1301 783 2678 4205 2677 2679 3878 3879 4212 4327 4078 4330 4243 4083 4082 4084 4085 4086,1700.4930000000002
2079,2079 2080 3249 3250 3251 1711 1751 1749 1746 1748,449.66300000000007
2092,2092 2093 2694 3206 2695,164.971
3489,3489 3488 2992 2991 2100 2099 1928 3507 2022 3598 3597,560.409
2908,2908 3173 3839 2912 2938 4146 4147 4148 3607 3609 4013 4011 4014 3508 4002 4317 4318 4319 1928 3507 2022 3598 3597,1410.905
3327,3327 1917 3574 3345 2023 3600 4347 3601,290.62699999999995
3593,3593 3122 3119 3514 4264 4265 3486 3286 4266 4267 4268 3548 2252 3169 3543 669 1961,1171.669
4178,4178 4175 2774 3838 639,317.449
3462,3462 3867 3865 3863 2702 2701 3727 4050 4444 4008 3996 2936 2264 782 458 1508 344 3677 2852 2092 2093 2694 3206 2695,1002.315
4012,4012 2105 2103 2104 2098 2097 2100 2099 1928 3507 2022 3598 3597,636.3409999999999
1778,1778 1777 1578 1726 1727 590 2196 2197 1943 1944 1946 1947,539.8789999999999
1664,1664 3547 3546 3543 669 1961,513.5409999999999
2863,2863 4396 3872 3850 3783 4335 4333 4336 2354 1915 3346 4350 4348 4347 3601,946.762
3472,3472 3363 3360 3782 4277 3862 3863 2702 2701 3727 4050 4444 4008 3996 2936 2264 782 458 1508 344 3677 2852 2092 2093 2694 3206 2695,1249.4090000000003
3092,3092 2869 2189 2183 3089 3088 3086,351.52
679,679 3216 3217 3219 2861 2369 3789 4375 4129 4130 3056 4140 4141 3299 3297 1730,934.975
1643,1643 1766 1649 1656 3349 2971 3206 2695,411.78100000000006
3745,3745 3744 3743 3481 3287 3288,233.83300000000003
2782,2782 3852 3850 3783 4335 4333 4336 2354 1915 3346 4350 4348 4347 3601,884.4789999999999
1199,1199 3408 3405 4303 4301 4297 4296 1821,924.671
4371,4371 3789 4375 4129 4130 3056 4140 4141 3299 3297 1730,639.103
2834,2834 1869 2134 1612 1498 3309 3046 1816 1817 2348 3459 3461 4105 4365 4366 4367 3762 3759 3764 3758 4296 1821,1484.0299999999997
2161,2161 3716 3524 3522 2234 1462 476 471 2670 2050 817 831 1664 3547 3546 3543 669 1961,1568.355
3831,3831 2617 2607 3216 3217 3219 2861 2369 3789 4375 4129 4130 3056 4140 4141 3299 3297 1730,1107.139
4187,4187 4188 4189 3163 3167 3164 1962 1957 1961,645.414
2534,2534 3836 4232 3838 639,387.33500000000004
1840,1840 2306 2106 1609 1758 2408 2410 2411 2017 1304 1302 1301 783 2678 4205 2677 2679 3878 3879 4212 4327 4078 4330 4243 4083 4082 4084 4085 4086,1484.1430000000003
675,675 3572 4332 3574 3345 2023 3600 4347 3601,542.159
4145,4145 4144 4143 2355 2940 4349 4348 4347 3601,337.8829999999999
2604,2604 2495 2496 2498 1395 76,494.44
1650,1650 3430 2359 3443 1814 1859 2944 2943 4294 4292 4295 3450 3438 2972 4091 2986 2987 4092 3316 3314 3307 3046 1816 1817 2348 3459 3461 4105 4365 4366 4367 3762 3759 3764 3758 4296 1821,1908.3219999999997
3906,3906 3909 3915 3918 3917 3919 3923 3929 4406 3920 2743 2691 2692 2729 3911 3912 3913 3289 3290 3350 3347 2689 1879 1880 1589 3200 3201,1472.4909999999998
1384,1384 1393 1395 76,303.916
1042,1042 2591 3756 3755 3754 2596 3532 3531 3524 3522 2234 1462 476 471 2670 2050 817 831 1664 3547 3546 3543 669 1961,1849.51
4396,4396 3872 3850 3783 4335 4333 4336 2354 1915 3346 4350 4348 4347 3601,905.175
2333,2333 3781 3782 4277 3862 3863 2702 2701 3727 4050 4444 4008 3996 2936 2264 782 458 1508 344 3677 2852 2092 2093 2694 3206 2695,1151.5770000000002
3326,3326 3764 3758 4296 1821,281.721
4038,4038 2917 3556 3557 3558 348,266.48900000000003
3227,3227 4052 4222 3389 3392 3253 3387 3388 2420 3015 3014 3012 2343 3766 3768 3765 3324 3761 3759 3764 3758 4296 1821,1390.0449999999996
3022,3022 3271 4241 3270 2985 4245 4082 4084 4085 4086,478.113
2960,2960 4118 4114 4111 4257 4258 4246 4247 4368 3778 4355 4353 4356 3106 4154 2919 4447 4435 4475 4430 4431 1593 4383 2712 3278 4040 3556 3557 3558 348,1901.884
3278,3278 4040 3556 3557 3558 348,290.291
2845,2845 3192 3197 2821 1529 1420 1419 1603 2952 3776 3774 3777 3409 3112 2949,1104.08
4211,4211 4212 4327 4078 4330 4243 4083 4082 4084 4085 4086,692.865
4100,4100 3800 3386 3387 3388 2420 3015 3014 3012 2343 3766 3768 3765 3324 3761 3759 3764 3758 4296 1821,1057.4099999999999
1887,1887 2090 2971 3206 2695,282.049
2765,2765 1603 2952 3776 3774 3777 3409 3112 2949,650.4680000000001
3013,3013 4365 4366 4367 3762 3759 3764 3758 4296 1821,681.388
2912,2912 2938 4146 4147 4148 3607 3609 4013 4011 4014 3508 4002 4317 4318 4319 1928 3507 2022 3598 3597,1155.07
2562,2562 2559 2561 2138 2139 3532 3531 3524 3522 2234 1462 476 471 2670 2050 817 831 1664 3547 3546 3543 669 1961,1766.888
3431,3431 3432 1847 3856 1650 3430 2359 3443 1814 1859 2944 2943 4294 4292 4295 3450 3438 2972 4091 2986 2987 4092 3316 3314 3307 3046 1816 1817 2348 3459 3461 4105 4365 4366 4367 3762 3759 3764 3758 4296 1821,2225.067
1976,1976 3570 1991 3565 2129 3479 4077 1890 4422 4423,694.2500000000001
1703,1703 1705 1701 1527 489 3883 3884 3885 4215 3942 3888 1620 2402 3734 3736 3737 2202 2204 2207 2212 4073 4074 4075 4161 4424 4423,1478.4019999999996
3636,3636 4059 4055 4271 1764 3638 3639 3640 2995 3637 2916 4038 2917 3556 3557 3558 348,1013.009
320,320 314 356 893 895 1570 1490 1536 2454 2458 2459 2831 2830 2832 2833 2834 1869 2134 1612 1498 3309 3046 1816 1817 2348 3459 3461 4105 4365 4366 4367 3762 3759 3764 3758 4296 1821,2713.856
1949,1949 1948 3258 2872 4017 4018 4019 4072 3268 3266 2056 3636 4059 4055 4271 1764 3638 3639 3640 2995 3637 2916 4038 2917 3556 3557 3558 348,1698.911
2430,2430 2431 2432 1837 3423 2617 2607 3216 3217 3219 2861 2369 3789 4375 4129 4130 3056 4140 4141 3299 3297 1730,1322.6829999999998
3596,3596 2019 1104 2678 4205 2677 2679 3878 3879 4212 4327 4078 4330 4243 4083 4082 4084 4085 4086,1086.749
4377,4377 3991 3298 3990 3297 1730,269.195
2767,2767 2770 3773 3774 3777 3409 3112 2949,507.257
686,686 3591 2018 1300 4200 2678 4205 2677 2679 3878 3879 4212 4327 4078 4330 4243 4083 4082 4084 4085 4086,1112.5950000000003
270,270 102 2612 4390 2613 2609 2608 4389 2610 2782 3852 3850 3783 4335 4333 4336 2354 1915 3346 4350 4348 4347 3601,1125.504
1982,1982 1983 3936 2802 2842 3323 4269 4270 4341 4342 3368 3367 2734 3477 3478 3481 3287 3288,1121.791
3389,3389 3392 3253 3387 3388 2420 3015 3014 3012 2343 3766 3768 3765 3324 3761 3759 3764 3758 4296 1821,1096.817
2973,2973 2972 4091 2986 2987 4092 3316 3314 3307 3046 1816 1817 2348 3459 3461 4105 4365 4366 4367 3762 3759 3764 3758 4296 1821,1396.1529999999998
263,263 264 265 896 3442 3446 2362 2363 2364 1861 3447 3448 3449 1865 1869 2134 1612 1498 3309 3046 1816 1817 2348 3459 3461 4105 4365 4366 4367 3762 3759 3764 3758 4296 1821,2152.495
896,896 3442 3446 2362 2363 2364 1861 3447 3448 3449 1865 1869 2134 1612 1498 3309 3046 1816 1817 2348 3459 3461 4105 4365 4366 4367 3762 3759 3764 3758 4296 1821,1915.3609999999999
3559,3559 4378 3561 1969 3288,280.725
2939,2939 4058 4057 4055 4271 1764 3638 3639 3640 2995 3637 2916 4038 2917 3556 3557 3558 348,1237.489
2670,2670 2050 817 831 1664 3547 3546 3543 669 1961,884.7429999999999
2643,2643 2781 2777 2828 3456 3455 3454 3452 3451 2788 2783 1270 1199 3408 3405 4303 4301 4297 4296 1821,2348.037
2278,2278 2996 2274 3134 4163 4165 4166 2425 2937 4146 4147 4148 3607 3609 4013 4011 4014 3508 4002 4317 4318 4319 1928 3507 2022 3598 3597,1834.877
2364,2364 1861 3447 3448 3449 1865 1869 2134 1612 1498 3309 3046 1816 1817 2348 3459 3461 4105 4365 4366 4367 3762 3759 3764 3758 4296 1821,1678.1409999999996
2191,2191 2195 2183 3089 3088 3086,316.976
3716,3716 3524 3522 2234 1462 476 471 2670 2050 817 831 1664 3547 3546 3543 669 1961,1498.4229999999998
2674,2674 2375 3796 3795 995 1065 1001,347.503
1371,1371 1361 375 1400 1055 2219 2217 781 1502 2790 1496 817 831 1664 3547 3546 3543 669 1961,1279.2879999999998
3825,3825 1792 1793 1701 1527 489 3883 3884 3885 4215 3942 3888 1620 2402 3734 3736 3737 2202 2204 2207 2212 4073 4074 4075 4161 4424 4423,1518.5259999999994
4310,4310 4309 3707 2152 3517 3586 3587 3584 3585 1839 2979 2107 2106 1609 1758 2408 2410 2411 2017 1304 1302 1301 783 2678 4205 2677 2679 3878 3879 4212 4327 4078 4330 4243 4083 4082 4084 4085 4086,1904.6200000000001
4448,4448 4472 4473 4474 4036 2918 3278 4040 3556 3557 3558 348,638.5740000000001
1754,1754 1753 2982 3554 2983 2984 4085 4086,336.177
1999,1999 2410 2411 2017 1304 1302 1301 783 2678 4205 2677 2679 3878 3879 4212 4327 4078 4330 4243 4083 4082 4084 4085 4086,1420.0900000000001
3921,3921 2756 2755 2742 2741 2740 1343 1341 2500 2498 1395 76,654.56
4445,4445 4443 4446 3995 4030 2923 2806 2807 1607 344 3677 2852 2092 2093 2694 3206 2695,664.188
4407,4407 4405 4404 3921 2756 2755 2742 2741 2740 1343 1341 2500 2498 1395 76,828.6019999999999
2097,2097 2100 2099 1928 3507 2022 3598 3597,359.16
2854,2854 1692 3210 3206 2695,282.4
3858,3858 3859 2622 2757 2756 2755 2742 2741 2740 1343 1341 2500 2498 1395 76,925.12
1607,1607 344 3677 2852 2092 2093 2694 3206 2695,241.802
1548,1548 1568 779 2818 3946 2817 3948 3440 3441 3225 3226 3772 4089 4100 3800 3386 3387 3388 2420 3015 3014 3012 2343 3766 3768 3765 3324 3761 3759 3764 3758 4296 1821,1826.8899999999994
1991,1991 3565 2129 3479 4077 1890 4422 4423,466.022
3293,3293 3292 3296 3297 1730,308.628
3756,3756 3755 3754 2596 3532 3531 3524 3522 2234 1462 476 471 2670 2050 817 831 1664 3547 3546 3543 669 1961,1684.026
3340,3340 4450 4448 4472 4473 4474 4036 2918 3278 4040 3556 3557 3558 348,752.9510000000001
1796,1796 1800 1813 1548 1568 779 2818 3946 2817 3948 3440 3441 3225 3226 3772 4089 4100 3800 3386 3387 3388 2420 3015 3014 3012 2343 3766 3768 3765 3324 3761 3759 3764 3758 4296 1821,2000.6109999999994
4405,4405 4404 3921 2756 2755 2742 2741 2740 1343 1341 2500 2498 1395 76,750.0389999999999
1238,1238 1131 3433 3855 3856 1650 3430 2359 3443 1814 1859 2944 2943 4294 4292 4295 3450 3438 2972 4091 2986 2987 4092 3316 3314 3307 3046 1816 1817 2348 3459 3461 4105 4365 4366 4367 3762 3759 3764 3758 4296 1821,2194.351
423,423 1466 1467 3857 3858 3859 2622 2757 2756 2755 2742 2741 2740 1343 1341 2500 2498 1395 76,1406.621
4295,4295 3450 3438 2972 4091 2986 2987 4092 3316 3314 3307 3046 1816 1817 2348 3459 3461 4105 4365 4366 4367 3762 3759 3764 3758 4296 1821,1522.3609999999999
2924,2924 2857 2855 2859 2304 3537 1758 2408 2410 2411 2017 1304 1302 1301 783 2678 4205 2677 2679 3878 3879 4212 4327 4078 4330 4243 4083 4082 4084 4085 4086,1629.217
3967,3967 3971 1832 1833 1836 1837 3423 2617 2607 3216 3217 3219 2861 2369 3789 4375 4129 4130 3056 4140 4141 3299 3297 1730,1515.7599999999998
4021,4021 4027 3648 3645 3647 3092 2869 2189 2183 3089 3088 3086,948.4870000000001
3736,3736 3737 2202 2204 2207 2212 4073 4074 4075 4161 4424 4423,735.1580000000001
3476,3476 2734 3477 3478 3481 3287 3288,448.512
3164,3164 1962 1957 1961,269.298
3711,3711 3723 3710 3712 3713 3521 2237 2240 2232 2234 1462 476 471 2670 2050 817 831 1664 3547 3546 3543 669 1961,1697.133
1768,1768 3362 3363 3360 3782 4277 3862 3863 2702 2701 3727 4050 4444 4008 3996 2936 2264 782 458 1508 344 3677 2852 2092 2093 2694 3206 2695,1343.2420000000002
1757,1757 2478 2664 2800 2463 2513 2373 2376 2375 3796 3795 995 1065 1001,1019.0319999999999
1446,1446 1456 482 1500 1502 2790 1496 817 831 1664 3547 3546 3543 669 1961,1306.3659999999998
3103,3103 1967 2705 3558 348,257.695
4312,4312 4315 3511 4219 4035 2021 2022 3598 3597,474.56200000000007
3222,3222 2936 2264 782 458 1508 344 3677 2852 2092 2093 2694 3206 2695,485.06000000000006
875,875 2431 2432 1837 3423 2617 2607 3216 3217 3219 2861 2369 3789 4375 4129 4130 3056 4140 4141 3299 3297 1730,1318.7569999999998
2816,2816 2802 2842 3323 4269 4270 4341 4342 3368 3367 2734 3477 3478 3481 3287 3288,918.1020000000001
2096,2096 2099 1928 3507 2022 3598 3597,299.49800000000005
1929,1929 1840 2306 2106 1609 1758 2408 2410 2411 2017 1304 1302 1301 783 2678 4205 2677 2679 3878 3879 4212 4327 4078 4330 4243 4083 4082 4084 4085 4086,1569.7230000000002
4106,4106 4107 4108 3564 3482 3483 3474 3475 3478 3481 3287 3288,675.2330000000001
4390,4390 2613 2609 2608 4389 2610 2782 3852 3850 3783 4335 4333 4336 2354 1915 3346 4350 4348 4347 3601,1062.534
981,981 1274 1272 1199 3408 3405 4303 4301 4297 4296 1821,967.7330000000001
3722,3722 3720 3723 3710 3712 3713 3521 2237 2240 2232 2234 1462 476 471 2670 2050 817 831 1664 3547 3546 3543 669 1961,1769.03
2093,2093 2694 3206 2695,148.341
1423,1423 4158 3118 2667 2670 2050 817 831 1664 3547 3546 3543 669 1961,1320.5389999999998
2312,2312 2313 3619 2303 3109 2924 2857 2855 2859 2304 3537 1758 2408 2410 2411 2017 1304 1302 1301 783 2678 4205 2677 2679 3878 3879 4212 4327 4078 4330 4243 4083 4082 4084 4085 4086,1824.8920000000003
1055,1055 2219 2217 781 1502 2790 1496 817 831 1664 3547 3546 3543 669 1961,1090.561
2802,2802 2842 3323 4269 4270 4341 4342 3368 3367 2734 3477 3478 3481 3287 3288,863.6510000000001
1508,1508 344 3677 2852 2092 2093 2694 3206 2695,238.51399999999998
3139,3139 3138 3889 2759 3321 2760 1976 3570 1991 3565 2129 3479 4077 1890 4422 4423,1099.604
2302,2302 2303 3109 2924 2857 2855 2859 2304 3537 1758 2408 2410 2411 2017 1304 1302 1301 783 2678 4205 2677 2679 3878 3879 4212 4327 4078 4330 4243 4083 4082 4084 4085 4086,1923.268
4246,4246 4247 4368 3778 4355 4353 4356 3106 4154 2919 4447 4435 4475 4430 4431 1593 4383 2712 3278 4040 3556 3557 3558 348,1291.3160000000003
2255,2255 2423 3882 3880 3719 3717 2424 3519 2235 3635 3634 3633 2240 2232 2234 1462 476 471 2670 2050 817 831 1664 3547 3546 3543 669 1961,1902.955
1490,1490 1536 2454 2458 2459 2831 2830 2832 2833 2834 1869 2134 1612 1498 3309 3046 1816 1817 2348 3459 3461 4105 4365 4366 4367 3762 3759 3764 3758 4296 1821,2341.942
251,251 1031 1034 1033 34 36 37 1253 2664 2800 2463 2513 2373 2376 2375 3796 3795 995 1065 1001,1137.53
356,356 893 895 1570 1490 1536 2454 2458 2459 2831 2830 2832 2833 2834 1869 2134 1612 1498 3309 3046 1816 1817 2348 3459 3461 4105 4365 4366 4367 3762 3759 3764 3758 4296 1821,2431.3770000000004
4110,4110 3368 3367 2734 3477 3478 3481 3287 3288,488.304
4044,4044 4045 3791 4012 2105 2103 2104 2098 2097 2100 2099 1928 3507 2022 3598 3597,823.9829999999998
3307,3307 3046 1816 1817 2348 3459 3461 4105 4365 4366 4367 3762 3759 3764 3758 4296 1821,994.4929999999999
1058,1058 1395 76,311.296
3147,3147 3148 3149 3150 3753 3012 2343 3766 3768 3765 3324 3761 3759 3764 3758 4296 1821,824.996
1879,1879 1880 1589 3200 3201,131.021
2046,2046 2048 3633 2240 2232 2234 1462 476 471 2670 2050 817 831 1664 3547 3546 3543 669 1961,1461.981
3646,3646 3645 3647 3092 2869 2189 2183 3089 3088 3086,570.941
681,681 1995 3868 4386 4394 4395 4396 3872 3850 3783 4335 4333 4336 2354 1915 3346 4350 4348 4347 3601,1446.614
3430,3430 2359 3443 1814 1859 2944 2943 4294 4292 4295 3450 3438 2972 4091 2986 2987 4092 3316 3314 3307 3046 1816 1817 2348 3459 3461 4105 4365 4366 4367 3762 3759 3764 3758 4296 1821,1899.6059999999998
3810,3810 3307 3046 1816 1817 2348 3459 3461 4105 4365 4366 4367 3762 3759 3764 3758 4296 1821,1076.557
4356,4356 3106 4154 2919 4447 4435 4475 4430 4431 1593 4383 2712 3278 4040 3556 3557 3558 348,992.8430000000001
3752,3752 3638 3639 3640 2995 3637 2916 4038 2917 3556 3557 3558 348,886.462
1765,1765 3348 3347 2689 1879 1880 1589 3200 3201,387.6709999999999
4048,4048 4031 4029 4032 2921 2808 3678 2890 1889 1887 2090 2971 3206 2695,692.852
2322,2322 2418 2417 2738 3898 3903 2758 3926 4404 3921 2756 2755 2742 2741 2740 1343 1341 2500 2498 1395 76,1423.6730000000002
2583,2583 2582 2581 2595 2594 3754 2596 3532 3531 3524 3522 2234 1462 476 471 2670 2050 817 831 1664 3547 3546 3543 669 1961,2269.0620000000004
2954,2954 2953 3583 3582 3681 3680 3679 2408 2410 2411 2017 1304 1302 1301 783 2678 4205 2677 2679 3878 3879 4212 4327 4078 4330 4243 4083 4082 4084 4085 4086,1691.7900000000002
883,883 882 884 4385 2608 4389 2610 2782 3852 3850 3783 4335 4333 4336 2354 1915 3346 4350 4348 4347 3601,1053.646
527,527 1527 489 3883 3884 3885 4215 3942 3888 1620 2402 3734 3736 3737 2202 2204 2207 2212 4073 4074 4075 4161 4424 4423,1323.8239999999994
800,800 799 2639 2439 2592 2591 3756 3755 3754 2596 3532 3531 3524 3522 2234 1462 476 471 2670 2050 817 831 1664 3547 3546 3543 669 1961,2650.5399999999995
1527,1527 489 3883 3884 3885 4215 3942 3888 1620 2402 3734 3736 3737 2202 2204 2207 2212 4073 4074 4075 4161 4424 4423,1312.0179999999996
2047,2047 2048 3633 2240 2232 2234 1462 476 471 2670 2050 817 831 1664 3547 3546 3543 669 1961,1474.5009999999997
4311,4311 4310 4309 3707 2152 3517 3586 3587 3584 3585 1839 2979 2107 2106 1609 1758 2408 2410 2411 2017 1304 1302 1301 783 2678 4205 2677 2679 3878 3879 4212 4327 4078 4330 4243 4083 4082 4084 4085 4086,1932.7
3623,3623 3622 3620 2925 2924 2857 2855 2859 2304 3537 1758 2408 2410 2411 2017 1304 1302 1301 783 2678 4205 2677 2679 3878 3879 4212 4327 4078 4330 4243 4083 4082 4084 4085 4086,1809.1330000000003
2089,2089 3673 702 704 716,526.343
779,779 2818 3946 2817 3948 3440 3441 3225 3226 3772 4089 4100 3800 3386 3387 3388 2420 3015 3014 3012 2343 3766 3768 3765 3324 3761 3759 3764 3758 4296 1821,1790.1549999999993
3484,3484 3485 3487 4187 4188 4189 3163 3167 3164 1962 1957 1961,853.3820000000001
2848,2848 3938 3939 3940 3673 702 704 716,602.7760000000001
172,172 161 1021 1024 1025 2580 2471 2476 2478 2664 2800 2463 2513 2373 2376 2375 3796 3795 995 1065 1001,1231.5580000000002
2012,2012 2011 3491 2301 3632 3631 3630 2044 2045 2046 2048 3633 2240 2232 2234 1462 476 471 2670 2050 817 831 1664 3547 3546 3543 669 1961,1862.891
4219,4219 4035 2021 2022 3598 3597,264.458
2259,2259 3775 3774 3777 3409 3112 2949,423.267
1498,1498 3309 3046 1816 1817 2348 3459 3461 4105 4365 4366 4367 3762 3759 3764 3758 4296 1821,1006.7650000000001
1884,1884 1882 3349 2971 3206 2695,476.84400000000005
1170,1170 1166 2629 2627 2641 2640 2639 2439 2592 2591 3756 3755 3754 2596 3532 3531 3524 3522 2234 1462 476 471 2670 2050 817 831 1664 3547 3546 3543 669 1961,2853.254
2318,2318 2193 2191 2195 2183 3089 3088 3086,478.149
3600,3600 4347 3601,72.246
4485,4485 4471 4452 2845 3192 3197 2821 1529 1420 1419 1603 2952 3776 3774 3777 3409 3112 2949,1263.3
2273,2273 1949 1948 3258 2872 4017 4018 4019 4072 3268 3266 2056 3636 4059 4055 4271 1764 3638 3639 3640 2995 3637 2916 4038 2917 3556 3557 3558 348,1813.476
2917,2917 3556 3557 3558 348,252.961
2843,2843 2844 3192 3197 2821 1529 1420 1419 1603 2952 3776 3774 3777 3409 3112 2949,1233.39
1706,1706 1707 3244 3245 3246 2933 3647 3092 2869 2189 2183 3089 3088 3086,743.442
3682,3682 2687 2688 527 1527 489 3883 3884 3885 4215 3942 3888 1620 2402 3734 3736 3737 2202 2204 2207 2212 4073 4074 4075 4161 4424 4423,1402.5289999999995
1753,1753 2982 3554 2983 2984 4085 4086,279.675
783,783 2678 4205 2677 2679 3878 3879 4212 4327 4078 4330 4243 4083 4082 4084 4085 4086,978.379
343,343 342 2500 2498 1395 76,356.767
1881,1881 1879 1880 1589 3200 3201,330.92
2213,2213 1620 2402 3734 3736 3737 2202 2204 2207 2212 4073 4074 4075 4161 4424 4423,826.2620000000002
1952,1952 1951 2022 3598 3597,225.787
3708,3708 2005 2007 3584 3585 1839 2979 2107 2106 1609 1758 2408 2410 2411 2017 1304 1302 1301 783 2678 4205 2677 2679 3878 3879 4212 4327 4078 4330 4243 4083 4082 4084 4085 4086,1797.564
3866,3866 3865 3863 2702 2701 3727 4050 4444 4008 3996 2936 2264 782 458 1508 344 3677 2852 2092 2093 2694 3206 2695,953.1500000000001
4059,4059 4055 4271 1764 3638 3639 3640 2995 3637 2916 4038 2917 3556 3557 3558 348,998.888
3533,3533 3097 3096 2406 3413 2020 1304 1302 1301 783 2678 4205 2677 2679 3878 3879 4212 4327 4078 4330 4243 4083 4082 4084 4085 4086,1319.1000000000001
2687,2687 2688 527 1527 489 3883 3884 3885 4215 3942 3888 1620 2402 3734 3736 3737 2202 2204 2207 2212 4073 4074 4075 4161 4424 4423,1363.3689999999995
1513,1513 2921 2808 3678 2890 1889 1887 2090 2971 3206 2695,487.15600000000006
3907,3907 2730 4278 4276 4279 4401 4403 3992 3993 4442 4048 4031 4029 4032 2921 2808 3678 2890 1889 1887 2090 2971 3206 2695,1440.7870000000003
2828,2828 3456 3455 3454 3452 3451 2788 2783 1270 1199 3408 3405 4303 4301 4297 4296 1821,1937.7329999999997
2124,2124 2123 2130 2419 3914 2732 3916 2749 3930 4407 4405 4404 3921 2756 2755 2742 2741 2740 1343 1341 2500 2498 1395 76,1644.779
2356,2356 2357 2358 1814 1859 2944 2943 4294 4292 4295 3450 3438 2972 4091 2986 2987 4092 3316 3314 3307 3046 1816 1817 2348 3459 3461 4105 4365 4366 4367 3762 3759 3764 3758 4296 1821,1894.7389999999996
3437,3437 3431 3432 1847 3856 1650 3430 2359 3443 1814 1859 2944 2943 4294 4292 4295 3450 3438 2972 4091 2986 2987 4092 3316 3314 3307 3046 1816 1817 2348 3459 3461 4105 4365 4366 4367 3762 3759 3764 3758 4296 1821,2315.136
3833,3833 3233 3062 4131 3235 4136 3234 1566 2831 2830 2832 2833 2834 1869 2134 1612 1498 3309 3046 1816 1817 2348 3459 3461 4105 4365 4366 4367 3762 3759 3764 3758 4296 1821,2419.5980000000004
2914,2914 2915 4380 4381 4383 2712 3278 4040 3556 3557 3558 348,616.5
3510,3510 3509 4316 4318 4319 1928 3507 2022 3598 3597,412.68100000000004
4089,4089 4100 3800 3386 3387 3388 2420 3015 3014 3012 2343 3766 3768 3765 3324 3761 3759 3764 3758 4296 1821,1174
4455,4455 3932 4177 4176 4175 2774 3838 639,658.3960000000001
1300,1300 4200 2678 4205 2677 2679 3878 3879 4212 4327 4078 4330 4243 4083 4082 4084 4085 4086,979.524
2492,2492 2490 2516 3798 3796 3795 995 1065 1001,586.645
209,209 1238 1131 3433 3855 3856 1650 3430 2359 3443 1814 1859 2944 2943 4294 4292 4295 3450 3438 2972 4091 2986 2987 4092 3316 3314 3307 3046 1816 1817 2348 3459 3461 4105 4365 4366 4367 3762 3759 3764 3758 4296 1821,2252.388
3650,3650 2074 2079 2080 3249 3250 3251 1711 1751 1749 1746 1748,541.2780000000001
2144,2144 3626 3625 3624 2295 3623 3622 3620 2925 2924 2857 2855 2859 2304 3537 1758 2408 2410 2411 2017 1304 1302 1301 783 2678 4205 2677 2679 3878 3879 4212 4327 4078 4330 4243 4083 4082 4084 4085 4086,1945.972
2609,2609 2608 4389 2610 2782 3852 3850 3783 4335 4333 4336 2354 1915 3346 4350 4348 4347 3601,977.5229999999999
3862,3862 3863 2702 2701 3727 4050 4444 4008 3996 2936 2264 782 458 1508 344 3677 2852 2092 2093 2694 3206 2695,960.4340000000001
3016,3016 3367 2734 3477 3478 3481 3287 3288,479.99499999999995
3676,3676 2090 2971 3206 2695,196.774
1814,1814 1859 2944 2943 4294 4292 4295 3450 3438 2972 4091 2986 2987 4092 3316 3314 3307 3046 1816 1817 2348 3459 3461 4105 4365 4366 4367 3762 3759 3764 3758 4296 1821,1844.8559999999998
1224,1224 1230 2781 2777 2828 3456 3455 3454 3452 3451 2788 2783 1270 1199 3408 3405 4303 4301 4297 4296 1821,2349.008
1014,1014 2555 2554 2561 2138 2139 3532 3531 3524 3522 2234 1462 476 471 2670 2050 817 831 1664 3547 3546 3543 669 1961,1842.77
3888,3888 1620 2402 3734 3736 3737 2202 2204 2207 2212 4073 4074 4075 4161 4424 4423,870.2180000000002
196,196 1233 3571 2649 2226 2227 2230 3565 2129 3479 4077 1890 4422 4423,692.9910000000001
4402,4402 2702 2701 3727 4050 4444 4008 3996 2936 2264 782 458 1508 344 3677 2852 2092 2093 2694 3206 2695,881.8950000000001
1699,1699 2085 2086 3465 3466 3467 3240 3657 3236 3004 3005 3239 2073 2941 3351 3352 3353 3093 1712 3090 3089 3088 3086,1071.0919999999999
483,483 2411 2017 1304 1302 1301 783 2678 4205 2677 2679 3878 3879 4212 4327 4078 4330 4243 4083 4082 4084 4085 4086,1414.6860000000001
4443,4443 4446 3995 4030 2923 2806 2807 1607 344 3677 2852 2092 2093 2694 3206 2695,646.539
1299,1299 1289 698 2056 3636 4059 4055 4271 1764 3638 3639 3640 2995 3637 2916 4038 2917 3556 3557 3558 348,1290.722
3868,3868 4386 4394 4395 4396 3872 3850 3783 4335 4333 4336 2354 1915 3346 4350 4348 4347 3601,1277.616
2516,2516 3798 3796 3795 995 1065 1001,455.50199999999995
3391,3391 3390 3388 2420 3015 3014 3012 2343 3766 3768 3765 3324 3761 3759 3764 3758 4296 1821,896.871
3938,3938 3939 3940 3673 702 704 716,578.841
2729,2729 3911 3912 3913 3289 3290 3350 3347 2689 1879 1880 1589 3200 3201,475.2519999999999
1786,1786 2700 1787 1746 1748,379.07300000000004
1727,1727 590 2196 2197 1943 1944 1946 1947,318.88800000000003
1709,1709 1706 1707 3244 3245 3246 2933 3647 3092 2869 2189 2183 3089 3088 3086,770.0730000000001
4328,4328 4330 4243 4083 4082 4084 4085 4086,472.8999999999999
3402,3402 3538 1944 1946 1947,232.096
4004,4004 4317 4318 4319 1928 3507 2022 3598 3597,384.497
3478,3478 3481 3287 3288,244.97699999999998
3346,3346 4350 4348 4347 3601,187.368
4146,4146 4147 4148 3607 3609 4013 4011 4014 3508 4002 4317 4318 4319 1928 3507 2022 3598 3597,906.65
37,37 1253 2664 2800 2463 2513 2373 2376 2375 3796 3795 995 1065 1001,861.806
2597,2597 2598 2599 2602 2604 2495 2496 2498 1395 76,1119.684
4236,4236 4237 3254 2245 2244 3758 4296 1821,467.39900000000006
1047,1047 2479 43 47 52,597.139
3213,3213 3267 3268 3266 2056 3636 4059 4055 4271 1764 3638 3639 3640 2995 3637 2916 4038 2917 3556 3557 3558 348,1362.2980000000002
3134,3134 4163 4165 4166 2425 2937 4146 4147 4148 3607 3609 4013 4011 4014 3508 4002 4317 4318 4319 1928 3507 2022 3598 3597,1535.349
4446,4446 3995 4030 2923 2806 2807 1607 344 3677 2852 2092 2093 2694 3206 2695,623.836
3405,3405 4303 4301 4297 4296 1821,738.145
1700,1700 3823 3826 3827 2427 3376 3373 3377 3137 3138 3889 2759 3321 2760 1976 3570 1991 3565 2129 3479 4077 1890 4422 4423,1548.6779999999999
2361,2361 2357 2358 1814 1859 2944 2943 4294 4292 4295 3450 3438 2972 4091 2986 2987 4092 3316 3314 3307 3046 1816 1817 2348 3459 3461 4105 4365 4366 4367 3762 3759 3764 3758 4296 1821,1889.2699999999995
3128,3128 4034 4035 2021 2022 3598 3597,332.8
3701,3701 2255 2423 3882 3880 3719 3717 2424 3519 2235 3635 3634 3633 2240 2232 2234 1462 476 471 2670 2050 817 831 1664 3547 3546 3543 669 1961,1936.446
3792,3792 3794 4012 2105 2103 2104 2098 2097 2100 2099 1928 3507 2022 3598 3597,726.9459999999999
4124,4124 4126 4486 4484 4470 4469 4451 2845 3192 3197 2821 1529 1420 1419 1603 2952 3776 3774 3777 3409 3112 2949,1610.9489999999998
2295,2295 3623 3622 3620 2925 2924 2857 2855 2859 2304 3537 1758 2408 2410 2411 2017 1304 1302 1301 783 2678 4205 2677 2679 3878 3879 4212 4327 4078 4330 4243 4083 4082 4084 4085 4086,1819.3840000000002
3850,3850 3783 4335 4333 4336 2354 1915 3346 4350 4348 4347 3601,688.805
3032,3032 4111 4257 4258 4246 4247 4368 3778 4355 4353 4356 3106 4154 2919 4447 4435 4475 4430 4431 1593 4383 2712 3278 4040 3556 3557 3558 348,1669.0750000000003
4441,4441 4020 4072 3268 3266 2056 3636 4059 4055 4271 1764 3638 3639 3640 2995 3637 2916 4038 2917 3556 3557 3558 348,1419.6960000000001
3408,3408 3405 4303 4301 4297 4296 1821,914.988
4226,4226 4224 3391 3390 3388 2420 3015 3014 3012 2343 3766 3768 3765 3324 3761 3759 3764 3758 4296 1821,1129.351
2987,2987 4092 3316 3314 3307 3046 1816 1817 2348 3459 3461 4105 4365 4366 4367 3762 3759 3764 3758 4296 1821,1206.6909999999998
3642,3642 2061 2062 2268 2898 4023 4026 4024 3247 3646 3645 3647 3092 2869 2189 2183 3089 3088 3086,1293.621
3289,3289 3290 3350 3347 2689 1879 1880 1589 3200 3201,357.0779999999999
4398,4398 3925 3926 4404 3921 2756 2755 2742 2741 2740 1343 1341 2500 2498 1395 76,1053.944
1395,1395 76,111.396
3432,3432 1847 3856 1650 3430 2359 3443 1814 1859 2944 2943 4294 4292 4295 3450 3438 2972 4091 2986 2987 4092 3316 3314 3307 3046 1816 1817 2348 3459 3461 4105 4365 4366 4367 3762 3759 3764 3758 4296 1821,2152.9849999999997
3292,3292 3296 3297 1730,268.615
1712,1712 3090 3089 3088 3086,308.883
3594,3594 3595 3596 2019 1104 2678 4205 2677 2679 3878 3879 4212 4327 4078 4330 4243 4083 4082 4084 4085 4086,1215.9440000000002
3987,3987 3176 4138 4139 3412 3413 2020 1304 1302 1301 783 2678 4205 2677 2679 3878 3879 4212 4327 4078 4330 4243 4083 4082 4084 4085 4086,1583.787
1157,1157 1159 1164 1173 1166 2629 2627 2641 2640 2639 2439 2592 2591 3756 3755 3754 2596 3532 3531 3524 3522 2234 1462 476 471 2670 2050 817 831 1664 3547 3546 3543 669 1961,2918.9090000000006
4155,4155 3118 2667 2670 2050 817 831 1664 3547 3546 3543 669 1961,1200.716
3249,3249 3250 3251 1711 1751 1749 1746 1748,330.435
3598,3598 3597,43.879
3367,3367 2734 3477 3478 3481 3287 3288,340.181
1424,1424 2231 2232 2234 1462 476 471 2670 2050 817 831 1664 3547 3546 3543 669 1961,1395.429
4387,4387 3853 4288 4289 4290 3999 3846 3847 4005 4323 4321 4324 3215 4221 3507 2022 3598 3597,1118.384
3749,3749 3750 4079 4080 4244 4242 4245 4082 4084 4085 4086,649.278
3985,3985 3987 3176 4138 4139 3412 3413 2020 1304 1302 1301 783 2678 4205 2677 2679 3878 3879 4212 4327 4078 4330 4243 4083 4082 4084 4085 4086,1656.102
1855,1855 1852 1854 1856 2370 1566 2831 2830 2832 2833 2834 1869 2134 1612 1498 3309 3046 1816 1817 2348 3459 3461 4105 4365 4366 4367 3762 3759 3764 3758 4296 1821,2262.9280000000003
2667,2667 2670 2050 817 831 1664 3547 3546 3543 669 1961,1072.189
3072,3072 3073 2198 2901 4162 4424 4423,257.73800000000006
4008,4008 3996 2936 2264 782 458 1508 344 3677 2852 2092 2093 2694 3206 2695,518.599
1818,1818 1759 2421 1872 4235 4236 4237 3254 2245 2244 3758 4296 1821,761.048
3229,3229 4135 4132 4136 3234 1566 2831 2830 2832 2833 2834 1869 2134 1612 1498 3309 3046 1816 1817 2348 3459 3461 4105 4365 4366 4367 3762 3759 3764 3758 4296 1821,2340.895
3772,3772 4089 4100 3800 3386 3387 3388 2420 3015 3014 3012 2343 3766 3768 3765 3324 3761 3759 3764 3758 4296 1821,1288.3149999999996
2602,2602 2604 2495 2496 2498 1395 76,661.054
4136,4136 3234 1566 2831 2830 2832 2833 2834 1869 2134 1612 1498 3309 3046 1816 1817 2348 3459 3461 4105 4365 4366 4367 3762 3759 3764 3758 4296 1821,2158.9049999999997
4177,4177 4176 4175 2774 3838 639,423.237
1726,1726 1727 590 2196 2197 1943 1944 1946 1947,338.78400000000005
3439,3439 1864 2973 2972 4091 2986 2987 4092 3316 3314 3307 3046 1816 1817 2348 3459 3461 4105 4365 4366 4367 3762 3759 3764 3758 4296 1821,1508.569
2996,2996 2274 3134 4163 4165 4166 2425 2937 4146 4147 4148 3607 3609 4013 4011 4014 3508 4002 4317 4318 4319 1928 3507 2022 3598 3597,1794.692
3284,3284 3283 3025 3032 4111 4257 4258 4246 4247 4368 3778 4355 4353 4356 3106 4154 2919 4447 4435 4475 4430 4431 1593 4383 2712 3278 4040 3556 3557 3558 348,1944.672
3603,3603 3191 4010 3508 4002 4317 4318 4319 1928 3507 2022 3598 3597,604.1800000000001
2015,2015 2016 2017 1304 1302 1301 783 2678 4205 2677 2679 3878 3879 4212 4327 4078 4330 4243 4083 4082 4084 4085 4086,1320.939
3503,3503 1926 2899 1915 3346 4350 4348 4347 3601,421.264
4002,4002 4317 4318 4319 1928 3507 2022 3598 3597,382.64500000000004
4383,4383 2712 3278 4040 3556 3557 3558 348,407.461
3197,3197 2821 1529 1420 1419 1603 2952 3776 3774 3777 3409 3112 2949,985.72
4192,4192 4170 4412 4409 4411 3458 3457 3153 2534 3836 4232 3838 639,987.604
4020,4020 4072 3268 3266 2056 3636 4059 4055 4271 1764 3638 3639 3640 2995 3637 2916 4038 2917 3556 3557 3558 348,1339.874
2692,2692 2729 3911 3912 3913 3289 3290 3350 3347 2689 1879 1880 1589 3200 3201,549.561
2925,2925 2924 2857 2855 2859 2304 3537 1758 2408 2410 2411 2017 1304 1302 1301 783 2678 4205 2677 2679 3878 3879 4212 4327 4078 4330 4243 4083 4082 4084 4085 4086,1680.2080000000003
3339,3339 3341 4062 3639 3640 2995 3637 2916 4038 2917 3556 3557 3558 348,858.924
1882,1882 3349 2971 3206 2695,338.049
2851,2851 2697 2700 1787 1746 1748,543.658
2330,2330 3355 3867 3865 3863 2702 2701 3727 4050 4444 4008 3996 2936 2264 782 458 1508 344 3677 2852 2092 2093 2694 3206 2695,1056.304
3776,3776 3774 3777 3409 3112 2949,448.489
4433,4433 3794 4012 2105 2103 2104 2098 2097 2100 2099 1928 3507 2022 3598 3597,721.8879999999999
3495,3495 3493 4310 4309 3707 2152 3517 3586 3587 3584 3585 1839 2979 2107 2106 1609 1758 2408 2410 2411 2017 1304 1302 1301 783 2678 4205 2677 2679 3878 3879 4212 4327 4078 4330 4243 4083 4082 4084 4085 4086,1952.1870000000001
1853,1853 2371 2370 1566 2831 2830 2832 2833 2834 1869 2134 1612 1498 3309 3046 1816 1817 2348 3459 3461 4105 4365 4366 4367 3762 3759 3764 3758 4296 1821,2158.2309999999998
278,278 1280 1284 3594 3595 3596 2019 1104 2678 4205 2677 2679 3878 3879 4212 4327 4078 4330 4243 4083 4082 4084 4085 4086,1256.0460000000003
3540,3540 3541 3542 3270 2985 4245 4082 4084 4085 4086,353.413
2722,2722 2723 938 1076 1092 2598 2599 2602 2604 2495 2496 2498 1395 76,1565.9760000000003
2001,2001 3585 1839 2979 2107 2106 1609 1758 2408 2410 2411 2017 1304 1302 1301 783 2678 4205 2677 2679 3878 3879 4212 4327 4078 4330 4243 4083 4082 4084 4085 4086,1625.9660000000001
3433,3433 3855 3856 1650 3430 2359 3443 1814 1859 2944 2943 4294 4292 4295 3450 3438 2972 4091 2986 2987 4092 3316 3314 3307 3046 1816 1817 2348 3459 3461 4105 4365 4366 4367 3762 3759 3764 3758 4296 1821,2143.6149999999993
2411,2411 2017 1304 1302 1301 783 2678 4205 2677 2679 3878 3879 4212 4327 4078 4330 4243 4083 4082 4084 4085 4086,1214.7830000000001
3658,3658 2169 3006 3007 3008 3649 3650 2074 2079 2080 3249 3250 3251 1711 1751 1749 1746 1748,833.884
265,265 896 3442 3446 2362 2363 2364 1861 3447 3448 3449 1865 1869 2134 1612 1498 3309 3046 1816 1817 2348 3459 3461 4105 4365 4366 4367 3762 3759 3764 3758 4296 1821,2051.41
2727,2727 2728 3913 3289 3290 3350 3347 2689 1879 1880 1589 3200 3201,436.3289999999999
745,745 2258 2952 3776 3774 3777 3409 3112 2949,559.1750000000001
932,932 1142 1163 1164 1173 1166 2629 2627 2641 2640 2639 2439 2592 2591 3756 3755 3754 2596 3532 3531 3524 3522 2234 1462 476 471 2670 2050 817 831 1664 3547 3546 3543 669 1961,3210.774
2796,2796 2800 2463 2513 2373 2376 2375 3796 3795 995 1065 1001,890.6969999999999
3744,3744 3743 3481 3287 3288,182.39800000000002
3091,3091 1749 1746 1748,245.44400000000002
2076,2076 2075 1767 2871 2870 1573 3092 2869 2189 2183 3089 3088 3086,567.582
1053,1053 1054 2531 1140 1141 1340 2517 2519 2521 2638 450 447 444 441 439 435 431 428 423 1466 1467 3857 3858 3859 2622 2757 2756 2755 2742 2741 2740 1343 1341 2500 2498 1395 76,3916.830999999999
3856,3856 1650 3430 2359 3443 1814 1859 2944 2943 4294 4292 4295 3450 3438 2972 4091 2986 2987 4092 3316 3314 3307 3046 1816 1817 2348 3459 3461 4105 4365 4366 4367 3762 3759 3764 3758 4296 1821,1962.4659999999994
3097,3097 3096 2406 3413 2020 1304 1302 1301 783 2678 4205 2677 2679 3878 3879 4212 4327 4078 4330 4243 4083 4082 4084 4085 4086,1286.891
2134,2134 1612 1498 3309 3046 1816 1817 2348 3459 3461 4105 4365 4366 4367 3762 3759 3764 3758 4296 1821,1256.3199999999997
4182,4182 4246 4247 4368 3778 4355 4353 4356 3106 4154 2919 4447 4435 4475 4430 4431 1593 4383 2712 3278 4040 3556 3557 3558 348,1385.3120000000001
2148,2148 3690 2143 2041 2040 2039 2036 2037 3109 2924 2857 2855 2859 2304 3537 1758 2408 2410 2411 2017 1304 1302 1301 783 2678 4205 2677 2679 3878 3879 4212 4327 4078 4330 4243 4083 4082 4084 4085 4086,2093.5860000000007
2414,2414 3085 3854 3075 1554 1549 1568 779 2818 3946 2817 3948 3440 3441 3225 3226 3772 4089 4100 3800 3386 3387 3388 2420 3015 3014 3012 2343 3766 3768 3765 3324 3761 3759 3764 3758 4296 1821,2365.431
450,450 447 444 441 439 435 431 428 423 1466 1467 3857 3858 3859 2622 2757 2756 2755 2742 2741 2740 1343 1341 2500 2498 1395 76,3005.829
2375,2375 3796 3795 995 1065 1001,296.404
2100,2100 2099 1928 3507 2022 3598 3597,288.75100000000003
4092,4092 3316 3314 3307 3046 1816 1817 2348 3459 3461 4105 4365 4366 4367 3762 3759 3764 3758 4296 1821,1146.575
4065,4065 3257 2970 3979 4439 4440 4441 4020 4072 3268 3266 2056 3636 4059 4055 4271 1764 3638 3639 3640 2995 3637 2916 4038 2917 3556 3557 3558 348,1696.232
3241,3241 3242 3243 2067 3244 3245 3246 2933 3647 3092 2869 2189 2183 3089 3088 3086,810.6689999999999
2438,2438 2439 2592 2591 3756 3755 3754 2596 3532 3531 3524 3522 2234 1462 476 471 2670 2050 817 831 1664 3547 3546 3543 669 1961,2212.266
1267,1267 1251 1253 2664 2800 2463 2513 2373 2376 2375 3796 3795 995 1065 1001,1064.959
2618,2618 3682 2687 2688 527 1527 489 3883 3884 3885 4215 3942 3888 1620 2402 3734 3736 3737 2202 2204 2207 2212 4073 4074 4075 4161 4424 4423,1412.2039999999995
4161,4161 4424 4423,121.91199999999999
1919,1919 3204 1922 1916 2900 2899 1915 3346 4350 4348 4347 3601,544.802
3290,3290 3350 3347 2689 1879 1880 1589 3200 3201,348.272
2514,2514 982 1276 2673 2674 2375 3796 3795 995 1065 1001,632.425
1834,1834 2436 2435 2434 2802 2842 3323 4269 4270 4341 4342 3368 3367 2734 3477 3478 3481 3287 3288,1024.634
3360,3360 3782 4277 3862 3863 2702 2701 3727 4050 4444 4008 3996 2936 2264 782 458 1508 344 3677 2852 2092 2093 2694 3206 2695,1142.2910000000004
3710,3710 3712 3713 3521 2237 2240 2232 2234 1462 476 471 2670 2050 817 831 1664 3547 3546 3543 669 1961,1594.038
590,590 2196 2197 1943 1944 1946 1947,243.16500000000002
4354,4354 4353 4356 3106 4154 2919 4447 4435 4475 4430 4431 1593 4383 2712 3278 4040 3556 3557 3558 348,1116.118
2893,2893 745 2258 2952 3776 3774 3777 3409 3112 2949,617.089
2595,2595 2594 3754 2596 3532 3531 3524 3522 2234 1462 476 471 2670 2050 817 831 1664 3547 3546 3543 669 1961,1832.7559999999999
2244,2244 3758 4296 1821,201.051
913,913 1494 3301 3602 3604 3302 3189 3190 4000 4317 4318 4319 1928 3507 2022 3598 3597,832.4609999999999
1680,1680 3502 3499 3497 3629 3492 3491 2301 3632 3631 3630 2044 2045 2046 2048 3633 2240 2232 2234 1462 476 471 2670 2050 817 831 1664 3547 3546 3543 669 1961,1939.122
2735,2735 3562 3563 1969 3288,203.556
1989,1989 1986 3217 3219 2861 2369 3789 4375 4129 4130 3056 4140 4141 3299 3297 1730,950.1709999999999
3641,3641 3642 2061 2062 2268 2898 4023 4026 4024 3247 3646 3645 3647 3092 2869 2189 2183 3089 3088 3086,1299.625
3331,3331 3749 3750 4079 4080 4244 4242 4245 4082 4084 4085 4086,744.6249999999999
2342,2342 3303 3304 3306 3148 3149 3150 3753 3012 2343 3766 3768 3765 3324 3761 3759 3764 3758 4296 1821,1029.3809999999999
1841,1841 1844 1981 3577 3421 3422 3423 2617 2607 3216 3217 3219 2861 2369 3789 4375 4129 4130 3056 4140 4141 3299 3297 1730,1426.6909999999998
4239,4239 4240 4191 3416 3417 3535 3177 3533 3097 3096 2406 3413 2020 1304 1302 1301 783 2678 4205 2677 2679 3878 3879 4212 4327 4078 4330 4243 4083 4082 4084 4085 4086,1670.7330000000002
3946,3946 2817 3948 3440 3441 3225 3226 3772 4089 4100 3800 3386 3387 3388 2420 3015 3014 3012 2343 3766 3768 3765 3324 3761 3759 3764 3758 4296 1821,1688.2719999999995
2068,2068 3248 3646 3645 3647 3092 2869 2189 2183 3089 3088 3086,714.285
3150,3150 3753 3012 2343 3766 3768 3765 3324 3761 3759 3764 3758 4296 1821,719.528
2857,2857 2855 2859 2304 3537 1758 2408 2410 2411 2017 1304 1302 1301 783 2678 4205 2677 2679 3878 3879 4212 4327 4078 4330 4243 4083 4082 4084 4085 4086,1582.9910000000002
39,39 2595 2594 3754 2596 3532 3531 3524 3522 2234 1462 476 471 2670 2050 817 831 1664 3547 3546 3543 669 1961,2032.658
2890,2890 1889 1887 2090 2971 3206 2695,371.317
3254,3254 2245 2244 3758 4296 1821,285.207
2125,2125 2124 2123 2130 2419 3914 2732 3916 2749 3930 4407 4405 4404 3921 2756 2755 2742 2741 2740 1343 1341 2500 2498 1395 76,1696.2290000000003
3420,3420 3577 3421 3422 3423 2617 2607 3216 3217 3219 2861 2369 3789 4375 4129 4130 3056 4140 4141 3299 3297 1730,1273.6689999999999
2204,2204 2207 2212 4073 4074 4075 4161 4424 4423,628.501
1465,1465 1466 1467 3857 3858 3859 2622 2757 2756 2755 2742 2741 2740 1343 1341 2500 2498 1395 76,1252.1720000000003
2145,2145 3689 3687 3518 2144 3626 3625 3624 2295 3623 3622 3620 2925 2924 2857 2855 2859 2304 3537 1758 2408 2410 2411 2017 1304 1302 1301 783 2678 4205 2677 2679 3878 3879 4212 4327 4078 4330 4243 4083 4082 4084 4085 4086,2050.6930000000007
2741,2741 2740 1343 1341 2500 2498 1395 76,467.62
3634,3634 3633 2240 2232 2234 1462 476 471 2670 2050 817 831 1664 3547 3546 3543 669 1961,1384.984
1128,1128 1129 1309 1118 2687 2688 527 1527 489 3883 3884 3885 4215 3942 3888 1620 2402 3734 3736 3737 2202 2204 2207 2212 4073 4074 4075 4161 4424 4423,1410.1239999999993
3740,3740 3741 3742 2194 2191 2195 2183 3089 3088 3086,809.7060000000001
2343,2343 3766 3768 3765 3324 3761 3759 3764 3758 4296 1821,497.34700000000004
4331,4331 3550 4329 3551 4083 4082 4084 4085 4086,525.7959999999999
2248,2248 3767 4367 3762 3759 3764 3758 4296 1821,547.348
1858,1858 3383 3225 3226 3772 4089 4100 3800 3386 3387 3388 2420 3015 3014 3012 2343 3766 3768 3765 3324 3761 3759 3764 3758 4296 1821,1526.4229999999998
1983,1983 3936 2802 2842 3323 4269 4270 4341 4342 3368 3367 2734 3477 3478 3481 3287 3288,1047.248
3309,3309 3046 1816 1817 2348 3459 3461 4105 4365 4366 4367 3762 3759 3764 3758 4296 1821,961.136
1971,1971 3564 3482 3483 3474 3475 3478 3481 3287 3288,610.442
1864,1864 2973 2972 4091 2986 2987 4092 3316 3314 3307 3046 1816 1817 2348 3459 3461 4105 4365 4366 4367 3762 3759 3764 3758 4296 1821,1450.6219999999994
282,282 371 1104 2678 4205 2677 2679 3878 3879 4212 4327 4078 4330 4243 4083 4082 4084 4085 4086,995.291
4481,4481 4480 4477 4193 4192 4170 4412 4409 4411 3458 3457 3153 2534 3836 4232 3838 639,1360.736
203,203 2165 1038 2592 2591 3756 3755 3754 2596 3532 3531 3524 3522 2234 1462 476 471 2670 2050 817 831 1664 3547 3546 3543 669 1961,2287.3650000000002
4149,4149 3105 4043 4044 4045 3791 4012 2105 2103 2104 2098 2097 2100 2099 1928 3507 2022 3598 3597,1012.0749999999998
877,877 2435 2434 2802 2842 3323 4269 4270 4341 4342 3368 3367 2734 3477 3478 3481 3287 3288,1024.193
3945,3945 4421 3944 4418 3947 3227 4052 4222 3389 3392 3253 3387 3388 2420 3015 3014 3012 2343 3766 3768 3765 3324 3761 3759 3764 3758 4296 1821,1725.1379999999995
2024,2024 2104 2098 2097 2100 2099 1928 3507 2022 3598 3597,472.985
3298,3298 3990 3297 1730,210.365
1800,1800 1813 1548 1568 779 2818 3946 2817 3948 3440 3441 3225 3226 3772 4089 4100 3800 3386 3387 3388 2420 3015 3014 3012 2343 3766 3768 3765 3324 3761 3759 3764 3758 4296 1821,1986.9079999999994
2723,2723 938 1076 1092 2598 2599 2602 2604 2495 2496 2498 1395 76,1546.3800000000003
4284,4284 4106 4107 4108 3564 3482 3483 3474 3475 3478 3481 3287 3288,774.0630000000001
2354,2354 1915 3346 4350 4348 4347 3601,283.09899999999993
2183,2183 3089 3088 3086,283.247
375,375 1400 1055 2219 2217 781 1502 2790 1496 817 831 1664 3547 3546 3543 669 1961,1227.846
2158,2158 2159 2160 2157 3715 3716 3524 3522 2234 1462 476 471 2670 2050 817 831 1664 3547 3546 3543 669 1961,1692.127
3606,3606 3605 3603 3191 4010 3508 4002 4317 4318 4319 1928 3507 2022 3598 3597,732.1629999999999
2224,2224 1373 2720 2718 2713 2661 1446 1456 482 1500 1502 2790 1496 817 831 1664 3547 3546 3543 669 1961,1807.9479999999999
4222,4222 3389 3392 3253 3387 3388 2420 3015 3014 3012 2343 3766 3768 3765 3324 3761 3759 3764 3758 4296 1821,1208.3219999999997
3352,3352 3353 3093 1712 3090 3089 3088 3086,460.83299999999997
3822,3822 3827 2427 3376 3373 3377 3137 3138 3889 2759 3321 2760 1976 3570 1991 3565 2129 3479 4077 1890 4422 4423,1361.2709999999997
3317,3317 1742 2946 2949,343.333
2881,2881 4000 4317 4318 4319 1928 3507 2022 3598 3597,444.93800000000005
3176,3176 4138 4139 3412 3413 2020 1304 1302 1301 783 2678 4205 2677 2679 3878 3879 4212 4327 4078 4330 4243 4083 4082 4084 4085 4086,1515.421
3944,3944 4418 3947 3227 4052 4222 3389 3392 3253 3387 3388 2420 3015 3014 3012 2343 3766 3768 3765 3324 3761 3759 3764 3758 4296 1821,1588.7609999999995
1590,1590 2861 2369 3789 4375 4129 4130 3056 4140 4141 3299 3297 1730,797.2769999999999
3876,3876 2884 2882 2888 2608 4389 2610 2782 3852 3850 3783 4335 4333 4336 2354 1915 3346 4350 4348 4347 3601,1320.27
4428,4428 4481 4480 4477 4193 4192 4170 4412 4409 4411 3458 3457 3153 2534 3836 4232 3838 639,1384.4080000000001
892,892 3063 3233 3062 4131 3235 4136 3234 1566 2831 2830 2832 2833 2834 1869 2134 1612 1498 3309 3046 1816 1817 2348 3459 3461 4105 4365 4366 4367 3762 3759 3764 3758 4296 1821,2543.9350000000004
2226,2226 2227 2230 3565 2129 3479 4077 1890 4422 4423,487.72499999999997
4386,4386 4394 4395 4396 3872 3850 3783 4335 4333 4336 2354 1915 3346 4350 4348 4347 3601,1160.311
3318,3318 3319 3320 3555 3554 2983 2984 4085 4086,294.147
3235,3235 4136 3234 1566 2831 2830 2832 2833 2834 1869 2134 1612 1498 3309 3046 1816 1817 2348 3459 3461 4105 4365 4366 4367 3762 3759 3764 3758 4296 1821,2230.231
1911,1911 1914 3717 2424 3519 2235 3635 3634 3633 2240 2232 2234 1462 476 471 2670 2050 817 831 1664 3547 3546 3543 669 1961,1762.127
4471,4471 4452 2845 3192 3197 2821 1529 1420 1419 1603 2952 3776 3774 3777 3409 3112 2949,1242.716
1692,1692 3210 3206 2695,247.79
776,776 777 525 2824 2843 2844 3192 3197 2821 1529 1420 1419 1603 2952 3776 3774 3777 3409 3112 2949,1391.735
1182,1182 1198 2640 2639 2439 2592 2591 3756 3755 3754 2596 3532 3531 3524 3522 2234 1462 476 471 2670 2050 817 831 1664 3547 3546 3543 669 1961,2395.3779999999997
3536,3536 3533 3097 3096 2406 3413 2020 1304 1302 1301 783 2678 4205 2677 2679 3878 3879 4212 4327 4078 4330 4243 4083 4082 4084 4085 4086,1367.8070000000002
4454,4454 3153 2534 3836 4232 3838 639,436.833
3693,3693 3694 3695 2255 2423 3882 3880 3719 3717 2424 3519 2235 3635 3634 3633 2240 2232 2234 1462 476 471 2670 2050 817 831 1664 3547 3546 3543 669 1961,2075.679
1600,1600 4058 4057 4055 4271 1764 3638 3639 3640 2995 3637 2916 4038 2917 3556 3557 3558 348,1325.854
4338,4338 3580 3291 3292 3296 3297 1730,482.752
2463,2463 2513 2373 2376 2375 3796 3795 995 1065 1001,775.0919999999999
4293,4293 1862 2892 3439 1864 2973 2972 4091 2986 2987 4092 3316 3314 3307 3046 1816 1817 2348 3459 3461 4105 4365 4366 4367 3762 3759 3764 3758 4296 1821,1671.9609999999998
2258,2258 2952 3776 3774 3777 3409 3112 2949,481.11099999999993
4242,4242 4245 4082 4084 4085 4086,282.21999999999997
2159,2159 2160 2157 3715 3716 3524 3522 2234 1462 476 471 2670 2050 817 831 1664 3547 3546 3543 669 1961,1652.02
3469,3469 3466 3467 3240 3657 3236 3004 3005 3239 2073 2941 3351 3352 3353 3093 1712 3090 3089 3088 3086,928.462
2904,2904 3126 2940 4349 4348 4347 3601,283.673
3645,3645 3647 3092 2869 2189 2183 3089 3088 3086,497.865
3488,3488 2992 2991 2100 2099 1928 3507 2022 3598 3597,531.582
4032,4032 2921 2808 3678 2890 1889 1887 2090 2971 3206 2695,463.472
3726,3726 4050 4444 4008 3996 2936 2264 782 458 1508 344 3677 2852 2092 2093 2694 3206 2695,672.052
1456,1456 482 1500 1502 2790 1496 817 831 1664 3547 3546 3543 669 1961,1144.248
1052,1052 1049 2633 2632 2630 2629 2627 2641 2640 2639 2439 2592 2591 3756 3755 3754 2596 3532 3531 3524 3522 2234 1462 476 471 2670 2050 817 831 1664 3547 3546 3543 669 1961,3355.676
867,867 2072 2069 3250 3251 1711 1751 1749 1746 1748,441.49500000000006
4123,4123 4261 4258 4246 4247 4368 3778 4355 4353 4356 3106 4154 2919 4447 4435 4475 4430 4431 1593 4383 2712 3278 4040 3556 3557 3558 348,1525.642
2750,2750 2753 2754 2893 745 2258 2952 3776 3774 3777 3409 3112 2949,889.305
4352,4352 4353 4356 3106 4154 2919 4447 4435 4475 4430 4431 1593 4383 2712 3278 4040 3556 3557 3558 348,1145.663
987,987 2673 2674 2375 3796 3795 995 1065 1001,430.446
2566,2566 2565 2564 2540 2561 2138 2139 3532 3531 3524 3522 2234 1462 476 471 2670 2050 817 831 1664 3547 3546 3543 669 1961,1862.787
1962,1962 1957 1961,194.25099999999998
2389,2389 2385 2381 2653 2657 2661 1446 1456 482 1500 1502 2790 1496 817 831 1664 3547 3546 3543 669 1961,1670.576
2109,2109 2110 2111 1934 2981 3680 3679 2408 2410 2411 2017 1304 1302 1301 783 2678 4205 2677 2679 3878 3879 4212 4327 4078 4330 4243 4083 4082 4084 4085 4086,1668.054
1373,1373 2720 2718 2713 2661 1446 1456 482 1500 1502 2790 1496 817 831 1664 3547 3546 3543 669 1961,1686.362
2016,2016 2017 1304 1302 1301 783 2678 4205 2677 2679 3878 3879 4212 4327 4078 4330 4243 4083 4082 4084 4085 4086,1309.4980000000003
4432,4432 2914 2915 4380 4381 4383 2712 3278 4040 3556 3557 3558 348,670.7
2945,2945 2774 3838 639,199.464
3626,3626 3625 3624 2295 3623 3622 3620 2925 2924 2857 2855 2859 2304 3537 1758 2408 2410 2411 2017 1304 1302 1301 783 2678 4205 2677 2679 3878 3879 4212 4327 4078 4330 4243 4083 4082 4084 4085 4086,1908.0000000000002
3215,3215 4221 3507 2022 3598 3597,293.177
2824,2824 2843 2844 3192 3197 2821 1529 1420 1419 1603 2952 3776 3774 3777 3409 3112 2949,1254.213
3300,3300 3296 3297 1730,231.19099999999997
1714,1714 2393 2381 2653 2657 2661 1446 1456 482 1500 1502 2790 1496 817 831 1664 3547 3546 3543 669 1961,1690.438
2170,2170 2171 3641 3642 2061 2062 2268 2898 4023 4026 4024 3247 3646 3645 3647 3092 2869 2189 2183 3089 3088 3086,1388.5659999999998
4058,4058 4057 4055 4271 1764 3638 3639 3640 2995 3637 2916 4038 2917 3556 3557 3558 348,1198.832
3451,3451 2788 2783 1270 1199 3408 3405 4303 4301 4297 4296 1821,1326.1840000000002
4336,4336 2354 1915 3346 4350 4348 4347 3601,346.923
4477,4477 4193 4192 4170 4412 4409 4411 3458 3457 3153 2534 3836 4232 3838 639,1227.71
2788,2788 2783 1270 1199 3408 3405 4303 4301 4297 4296 1821,1167.801
2486,2486 2484 2479 43 47 52,887.9300000000001
3419,3419 3420 3577 3421 3422 3423 2617 2607 3216 3217 3219 2861 2369 3789 4375 4129 4130 3056 4140 4141 3299 3297 1730,1326.3959999999997
360,360 1393 1395 76,436.69
3563,3563 1969 3288,128.277
4079,4079 4080 4244 4242 4245 4082 4084 4085 4086,496.469
3813,3813 3274 3277 3278 4040 3556 3557 3558 348,441.37
3949,3949 4213 3943 3195 2750 2753 2754 2893 745 2258 2952 3776 3774 3777 3409 3112 2949,1243.955
3314,3314 3307 3046 1816 1817 2348 3459 3461 4105 4365 4366 4367 3762 3759 3764 3758 4296 1821,1003.2750000000001
2608,2608 4389 2610 2782 3852 3850 3783 4335 4333 4336 2354 1915 3346 4350 4348 4347 3601,954.294
1153,1153 1156 1157 1159 1164 1173 1166 2629 2627 2641 2640 2639 2439 2592 2591 3756 3755 3754 2596 3532 3531 3524 3522 2234 1462 476 471 2670 2050 817 831 1664 3547 3546 3543 669 1961,3032.993
3635,3635 3634 3633 2240 2232 2234 1462 476 471 2670 2050 817 831 1664 3547 3546 3543 669 1961,1404.915
2268,2268 2898 4023 4026 4024 3247 3646 3645 3647 3092 2869 2189 2183 3089 3088 3086,1136.074
3280,3280 3277 3278 4040 3556 3557 3558 348,434.651
4464,4464 4051 4223 4171 4172 1818 1759 2421 1872 4235 4236 4237 3254 2245 2244 3758 4296 1821,1293.451
4117,4117 4071 4020 4072 3268 3266 2056 3636 4059 4055 4271 1764 3638 3639 3640 2995 3637 2916 4038 2917 3556 3557 3558 348,1621.955
1815,1815 3385 3384 4087 4090 4088 4098 4100 3800 3386 3387 3388 2420 3015 3014 3012 2343 3766 3768 3765 3324 3761 3759 3764 3758 4296 1821,1485.6789999999996
3297,3297 1730,47.289
3742,3742 2194 2191 2195 2183 3089 3088 3086,521.6610000000001
1738,1738 1735 3227 4052 4222 3389 3392 3253 3387 3388 2420 3015 3014 3012 2343 3766 3768 3765 3324 3761 3759 3764 3758 4296 1821,1444.6459999999997
1482,1482 1484 468 1060 1058 1395 76,514.711
3491,3491 2301 3632 3631 3630 2044 2045 2046 2048 3633 2240 2232 2234 1462 476 471 2670 2050 817 831 1664 3547 3546 3543 669 1961,1726.322
2593,2593 2596 3532 3531 3524 3522 2234 1462 476 471 2670 2050 817 831 1664 3547 3546 3543 669 1961,1619.956
1934,1934 2981 3680 3679 2408 2410 2411 2017 1304 1302 1301 783 2678 4205 2677 2679 3878 3879 4212 4327 4078 4330 4243 4083 4082 4084 4085 4086,1540.1820000000002
102,102 2612 4390 2613 2609 2608 4389 2610 2782 3852 3850 3783 4335 4333 4336 2354 1915 3346 4350 4348 4347 3601,1108.8799999999999
3758,3758 4296 1821,158.172
3551,3551 4083 4082 4084 4085 4086,250.472
2755,2755 2742 2741 2740 1343 1341 2500 2498 1395 76,621.7339999999999
4103,4103 3094 3095 3100 2109 2110 2111 1934 2981 3680 3679 2408 2410 2411 2017 1304 1302 1301 783 2678 4205 2677 2679 3878 3879 4212 4327 4078 4330 4243 4083 4082 4084 4085 4086,1784.699
2941,2941 3351 3352 3353 3093 1712 3090 3089 3088 3086,514.2139999999999
3942,3942 3888 1620 2402 3734 3736 3737 2202 2204 2207 2212 4073 4074 4075 4161 4424 4423,927.5770000000001
786,786 4336 2354 1915 3346 4350 4348 4347 3601,401.21500000000003
3064,3064 898 2459 2831 2830 2832 2833 2834 1869 2134 1612 1498 3309 3046 1816 1817 2348 3459 3461 4105 4365 4366 4367 3762 3759 3764 3758 4296 1821,2226.2470000000003
4317,4317 4318 4319 1928 3507 2022 3598 3597,319.262
597,597 2131 1704 1115 1119 1127 1116 1118 2687 2688 527 1527 489 3883 3884 3885 4215 3942 3888 1620 2402 3734 3736 3737 2202 2204 2207 2212 4073 4074 4075 4161 4424 4423,1645.6959999999995
3919,3919 3923 3929 4406 3920 2743 2691 2692 2729 3911 3912 3913 3289 3290 3350 3347 2689 1879 1880 1589 3200 3201,982.053
2710,2710 2707 2706 2705 3558 348,284.374
1046,1046 1484 468 1060 1058 1395 76,680.096
1969,1969 3288,64.494
97,97 2888 2608 4389 2610 2782 3852 3850 3783 4335 4333 4336 2354 1915 3346 4350 4348 4347 3601,992.971
2682,2682 3595 3596 2019 1104 2678 4205 2677 2679 3878 3879 4212 4327 4078 4330 4243 4083 4082 4084 4085 4086,1224.5360000000003
1536,1536 2454 2458 2459 2831 2830 2832 2833 2834 1869 2134 1612 1498 3309 3046 1816 1817 2348 3459 3461 4105 4365 4366 4367 3762 3759 3764 3758 4296 1821,2336.1490000000003
4139,4139 3412 3413 2020 1304 1302 1301 783 2678 4205 2677 2679 3878 3879 4212 4327 4078 4330 4243 4083 4082 4084 4085 4086,1380.4060000000002
395,395 2638 450 447 444 441 439 435 431 428 423 1466 1467 3857 3858 3859 2622 2757 2756 2755 2742 2741 2740 1343 1341 2500 2498 1395 76,3199.257
2315,2315 2316 2317 2307 1949 1948 3258 2872 4017 4018 4019 4072 3268 3266 2056 3636 4059 4055 4271 1764 3638 3639 3640 2995 3637 2916 4038 2917 3556 3557 3558 348,1974.324
1348,1348 2199 2200 2203 2205 2206 3066 2212 4073 4074 4075 4161 4424 4423,794.0320000000002
3800,3800 3386 3387 3388 2420 3015 3014 3012 2343 3766 3768 3765 3324 3761 3759 3764 3758 4296 1821,1044.271
3690,3690 2143 2041 2040 2039 2036 2037 3109 2924 2857 2855 2859 2304 3537 1758 2408 2410 2411 2017 1304 1302 1301 783 2678 4205 2677 2679 3878 3879 4212 4327 4078 4330 4243 4083 4082 4084 4085 4086,2048.0920000000006
4030,4030 2923 2806 2807 1607 344 3677 2852 2092 2093 2694 3206 2695,474.169
2326,2326 2741 2740 1343 1341 2500 2498 1395 76,486.481
2976,2976 1685 2883 2882 2888 2608 4389 2610 2782 3852 3850 3783 4335 4333 4336 2354 1915 3346 4350 4348 4347 3601,1396.479
2157,2157 3715 3716 3524 3522 2234 1462 476 471 2670 2050 817 831 1664 3547 3546 3543 669 1961,1582.854
4449,4449 4438 4476 4473 4474 4036 2918 3278 4040 3556 3557 3558 348,687.3030000000001
2297,2297 3515 2926 2009 2008 2856 2305 2859 2304 3537 1758 2408 2410 2411 2017 1304 1302 1301 783 2678 4205 2677 2679 3878 3879 4212 4327 4078 4330 4243 4083 4082 4084 4085 4086,1813.3200000000002
2645,2645 2644 2649 2226 2227 2230 3565 2129 3479 4077 1890 4422 4423,681.301
59,59 1054 2531 1140 1141 1340 2517 2519 2521 2638 450 447 444 441 439 435 431 428 423 1466 1467 3857 3858 3859 2622 2757 2756 2755 2742 2741 2740 1343 1341 2500 2498 1395 76,3985.448999999999
3125,3125 3124 3126 2940 4349 4348 4347 3601,334.23299999999995
3727,3727 4050 4444 4008 3996 2936 2264 782 458 1508 344 3677 2852 2092 2093 2694 3206 2695,638.439
43,43 47 52,288.227
1735,1735 3227 4052 4222 3389 3392 3253 3387 3388 2420 3015 3014 3012 2343 3766 3768 3765 3324 3761 3759 3764 3758 4296 1821,1423.7389999999996
3382,3382 1529 1420 1419 1603 2952 3776 3774 3777 3409 3112 2949,875.629
3206,3206 2695,61.054
23,23 24 2633 2632 2630 2629 2627 2641 2640 2639 2439 2592 2591 3756 3755 3754 2596 3532 3531 3524 3522 2234 1462 476 471 2670 2050 817 831 1664 3547 3546 3543 669 1961,3243.957
3099,3099 2355 2940 4349 4348 4347 3601,292.25
2986,2986 2987 4092 3316 3314 3307 3046 1816 1817 2348 3459 3461 4105 4365 4366 4367 3762 3759 3764 3758 4296 1821,1241.663
2292,2292 3515 2926 2009 2008 2856 2305 2859 2304 3537 1758 2408 2410 2411 2017 1304 1302 1301 783 2678 4205 2677 2679 3878 3879 4212 4327 4078 4330 4243 4083 4082 4084 4085 4086,1811.0750000000003
2476,2476 2478 2664 2800 2463 2513 2373 2376 2375 3796 3795 995 1065 1001,1002.877
2138,2138 2139 3532 3531 3524 3522 2234 1462 476 471 2670 2050 817 831 1664 3547 3546 3543 669 1961,1610.609
2344,2344 3769 3325 3326 3764 3758 4296 1821,455.903
3589,3589 3590 3591 2018 1300 4200 2678 4205 2677 2679 3878 3879 4212 4327 4078 4330 4243 4083 4082 4084 4085 4086,1282.7340000000002
4035,4035 2021 2022 3598 3597,237.83700000000002
2923,2923 2806 2807 1607 344 3677 2852 2092 2093 2694 3206 2695,393.24800000000005
